,Date,Low,High,Close,Adjusted Close,Open
1558,2020-11-25,274.05,279.33,277.72,277.72,275.7
1557,2020-11-24,272.8,280.61,279.96,279.96,276.235
1556,2020-11-23,266.4107,275.73,270.11,270.11,274.75
1555,2020-11-20,261.9,272.3699,270.74,270.74,263.97
1554,2020-11-19,253.5601,261.4,259.89,259.89,255.0
1553,2020-11-18,252.55,258.31,255.83,255.83,257.76
1552,2020-11-17,256.54,260.28,256.8,256.8,260.28
1551,2020-11-16,257.03,262.57,258.31,258.31,260.42
1550,2020-11-13,257.17,265.44,260.84,260.84,264.72
1549,2020-11-12,263.04,271.2,264.31,264.31,271.04
1548,2020-11-11,261.205,271.92,265.65,265.65,261.92
1547,2020-11-10,264.33,280.0,266.54,266.54,279.97
1546,2020-11-09,290.5,304.0,290.53,290.53,303.77
1545,2020-11-06,289.786,300.89,299.95,299.95,291.49
1544,2020-11-05,279.6,291.25,287.75,287.75,289.09
1543,2020-11-04,285.3,299.17,295.71,295.71,287.79
1542,2020-11-03,280.78,294.28,285.57,285.57,286.2
1541,2020-11-02,305.39,311.44,310.84,310.84,310.95
1540,2020-10-30,300.19,310.83,304.69,304.69,308.55
1539,2020-10-29,308.91,315.58,312.56,312.56,309.44
1538,2020-10-28,306.0,313.5,307.94,307.94,313.5
1537,2020-10-27,305.61,319.32,317.14,317.14,307.75
1536,2020-10-26,303.2,315.4599,306.87,306.87,309.92
1535,2020-10-23,304.06,310.33,309.92,309.92,307.27
1534,2020-10-22,304.2101,311.85,306.28,306.28,311.46
1533,2020-10-21,307.7,314.0,307.97,307.97,311.75
1532,2020-10-20,307.06,311.8,309.81,309.81,307.6
1531,2020-10-19,303.41,313.81,305.29,305.29,309.89
1530,2020-10-16,302.95,310.0,307.31,307.31,303.99
1529,2020-10-15,292.61,299.8628,299.46,299.46,293.8
1528,2020-10-14,300.8,309.96,301.04,301.04,309.0
1527,2020-10-13,303.03,310.01,308.78,308.78,306.36
1526,2020-10-12,301.2848,309.64,306.34,306.34,303.95
1525,2020-10-09,297.74,302.61,299.74,299.74,298.55
1524,2020-10-08,295.441,302.3,300.54,300.54,298.11
1523,2020-10-07,292.87,299.51,296.5,296.5,297.99
1522,2020-10-06,286.91,296.84,292.39,292.39,287.41
1521,2020-10-05,284.88,290.0,288.27,288.27,289.06
1520,2020-10-02,286.51,291.9794,288.17,288.17,286.62
1519,2020-10-01,288.25,295.59,290.05,290.05,295.26
1518,2020-09-30,283.71,295.0,293.98,293.98,284.01
1517,2020-09-29,274.9,279.3,276.93,276.93,275.43
1516,2020-09-28,274.1989,278.84,276.01,276.01,275.53
1515,2020-09-25,264.56,271.81,271.09,271.09,267.57
1514,2020-09-24,267.3338,271.25,269.73,269.73,267.93
1513,2020-09-23,271.5,277.83,272.95,272.95,275.4
1512,2020-09-22,270.05,276.32,275.29,275.29,276.02
1511,2020-09-21,266.4,274.22,273.82,273.82,269.1
1510,2020-09-18,270.55,277.27,272.41,272.41,275.98
1509,2020-09-17,272.3213,275.9,275.72,275.72,273.11
1508,2020-09-16,278.0,283.605,278.14,278.14,281.03
1507,2020-09-15,274.8,279.1,277.96,277.96,278.0
1506,2020-09-14,271.76,276.29,274.1,274.1,275.36
1505,2020-09-11,268.12,274.53,271.61,271.61,272.63
1504,2020-09-10,267.4,277.1,267.55,267.55,274.9
1503,2020-09-09,270.88,275.64,273.15,273.15,274.45
1502,2020-09-08,266.59,273.97,270.02,270.02,270.23
1501,2020-09-04,267.39,283.78,281.39,281.39,279.6
1500,2020-09-03,278.16,290.7334,282.5,282.5,289.0
1499,2020-09-02,289.79,299.0,296.07,296.07,299.0
1498,2020-09-01,288.87,298.0,298.0,298.0,289.2
1497,2020-08-31,283.61,289.19,287.03,287.03,288.62
1496,2020-08-28,283.57,289.5,289.0,289.0,285.09
1495,2020-08-27,282.1,290.25,284.17,284.17,290.17
1494,2020-08-26,284.1,292.48,291.96,291.96,289.26
1493,2020-08-25,276.04,289.12,286.0,286.0,278.06
1492,2020-08-24,271.62,276.97,276.02,276.02,273.24
1491,2020-08-21,258.31,267.43,265.8,265.8,259.03
1490,2020-08-20,254.18,258.88,257.97,257.97,256.89
1489,2020-08-19,257.38,261.29,260.59,260.59,260.89
1488,2020-08-18,256.06,261.42,259.2,259.2,258.71
1487,2020-08-17,250.085,257.375,256.96,256.96,253.0
1486,2020-08-14,251.64,255.77,253.97,253.97,255.49
1485,2020-08-13,252.8799,256.97,253.72,253.72,256.39
1484,2020-08-12,248.68,256.08,255.19,255.19,249.25
1483,2020-08-11,247.83,252.88,248.42,248.42,251.29
1482,2020-08-10,246.1,251.7499,248.13,248.13,249.34
1481,2020-08-07,247.57,257.76,252.1,252.1,257.41
1480,2020-08-06,259.2,265.7,265.68,265.68,263.42
1479,2020-08-05,261.755,265.976,264.91,264.91,263.74
1478,2020-08-04,258.82,262.56,262.2,262.2,260.08
1477,2020-08-03,254.0,260.65,257.94,257.94,254.02
1476,2020-07-31,248.1,254.4,251.02,251.02,254.2
1475,2020-07-30,249.62,253.86,252.74,252.74,251.7
1474,2020-07-29,250.1,254.3,252.45,252.45,250.34
1473,2020-07-28,248.53,251.65,249.05,249.05,251.15
1472,2020-07-27,245.81,252.87,250.86,250.86,247.11
1471,2020-07-24,241.89,249.48,249.0,249.0,244.96
1470,2020-07-23,248.69,257.66,251.88,251.88,252.1
1469,2020-07-22,249.6,256.27,251.7,251.7,255.76
1468,2020-07-21,256.52,261.92,257.9,257.9,261.21
1467,2020-07-20,252.43,257.67,254.81,254.81,256.45
1466,2020-07-17,244.48,247.93,247.14,247.14,246.55
1465,2020-07-16,240.74,245.05,242.5,242.5,241.77
1464,2020-07-15,246.54,252.5,249.21,249.21,251.48
1463,2020-07-14,241.23,249.75,248.58,248.58,246.57
1462,2020-07-13,250.68,265.66,251.67,251.67,261.45
1461,2020-07-10,255.71,261.9,261.01,261.01,260.21
1460,2020-07-09,255.91,268.0,261.58,261.58,265.55
1459,2020-07-08,244.02,258.49,257.68,257.68,244.86
1458,2020-07-07,236.13,241.3,236.51,236.51,241.01
1457,2020-07-06,232.82,240.48,240.0,240.0,233.31
1456,2020-07-02,220.06,225.02,223.6,223.6,221.85
1455,2020-07-01,214.74,216.55,215.95,215.95,215.81
1454,2020-06-30,212.89,216.43,215.7,215.7,215.74
1453,2020-06-29,211.82,216.5,215.02,215.02,215.03
1452,2020-06-26,213.5,222.26,215.71,215.71,222.21
1451,2020-06-25,220.87,224.69,222.16,222.16,224.6
1450,2020-06-24,224.2524,231.03,226.22,226.22,228.3
1449,2020-06-23,224.53,230.225,228.75,228.75,225.12
1448,2020-06-22,219.445,222.08,221.41,221.41,220.92
1447,2020-06-19,220.09,226.5,220.64,220.64,226.38
1446,2020-06-18,222.92,226.03,223.54,223.54,223.74
1445,2020-06-17,222.5,225.0,224.25,224.25,224.4
1444,2020-06-16,220.1001,224.84,222.62,222.62,221.0
1443,2020-06-15,212.75,217.72,217.03,217.03,214.11
1442,2020-06-12,213.88,219.5,217.64,217.64,218.5
1441,2020-06-11,213.56,219.95,215.24,215.24,218.0
1440,2020-06-10,220.6,225.0,223.68,223.68,222.0
1439,2020-06-09,216.2,220.72,220.72,220.72,216.31
1438,2020-06-08,215.33,220.4,219.0,219.0,219.6
1437,2020-06-05,218.7,220.59,219.55,219.55,220.0
1436,2020-06-04,216.32,220.0,218.04,218.04,217.28
1435,2020-06-03,213.75,218.97,218.61,218.61,215.6
1434,2020-06-02,207.17,214.57,214.33,214.33,207.21
1433,2020-06-01,203.94,207.2,206.57,206.57,205.9
1432,2020-05-29,196.7,207.88,207.39,207.39,200.0
1431,2020-05-28,197.62,202.37,199.49,199.49,199.0
1430,2020-05-27,196.75,202.99,201.18,201.18,202.99
1429,2020-05-26,201.0,206.8,201.72,201.72,205.94
1428,2020-05-22,198.99,204.88,199.7,199.7,203.23
1427,2020-05-21,209.53,214.58,212.16,212.16,211.29
1426,2020-05-20,210.58,221.1574,216.79,216.79,220.0
1425,2020-05-19,215.19,220.59,217.2,217.2,216.73
1424,2020-05-18,210.37,215.47,215.28,215.28,212.5
1423,2020-05-15,200.1,204.4899,203.68,203.68,200.7
1422,2020-05-14,194.03,201.77,201.3,201.3,195.5
1421,2020-05-13,197.98,204.68,199.46,199.46,203.62
1420,2020-05-12,200.02,208.05,200.31,200.31,206.95
1419,2020-05-11,202.38,206.64,205.4,205.4,202.78
1418,2020-05-08,198.68,203.02,201.19,201.19,199.8
1417,2020-05-07,194.78,198.09,196.49,196.49,198.0
1416,2020-05-06,194.93,198.91,195.17,195.17,197.67
1415,2020-05-05,194.2,198.27,195.02,195.02,196.38
1414,2020-05-04,189.53,195.0,191.15,191.15,194.76
1413,2020-05-01,192.86,197.38,194.48,194.48,195.75
1412,2020-04-30,199.29,206.7,202.67,202.67,206.25
1411,2020-04-29,202.51,207.08,206.7,206.7,202.93
1410,2020-04-28,199.407,205.19,201.15,201.15,204.81
1409,2020-04-27,202.03,207.78,203.69,203.69,207.55
1408,2020-04-24,202.82,206.5,204.36,204.36,205.89
1407,2020-04-23,203.46,210.56,205.24,205.24,210.24
1406,2020-04-22,209.21,212.0,209.96,209.96,212.0
1405,2020-04-21,205.03,212.13,207.34,207.34,209.9
1404,2020-04-20,209.36,216.1,212.13,212.13,209.87
1403,2020-04-17,208.8514,214.9797,209.5,209.5,214.9797
1402,2020-04-16,209.12,213.25,212.66,212.66,210.53
1401,2020-04-15,201.31,209.15,208.17,208.17,204.77
1400,2020-04-14,204.25,207.97,204.78,204.78,204.95
1399,2020-04-13,195.53,200.325,199.44,199.44,197.4
1398,2020-04-09,193.4,200.35,196.37,196.37,198.65
1397,2020-04-08,193.8835,198.86,195.98,195.98,198.34
1396,2020-04-07,197.05,201.45,198.0,198.0,200.05
1395,2020-04-06,192.7,196.88,196.45,196.45,194.74
1394,2020-04-03,185.41,190.55,187.11,187.11,190.12
1393,2020-04-02,185.6922,191.3,188.9,188.9,186.08
1392,2020-04-01,185.04,192.87,187.56,187.56,189.5
1391,2020-03-31,190.6,196.79,194.48,194.48,192.0
1390,2020-03-30,187.01,191.48,191.27,191.27,187.48
1389,2020-03-27,188.0,192.74,188.59,188.59,189.97
1388,2020-03-26,187.6,196.32,195.32,195.32,188.64
1387,2020-03-25,184.5151,195.19,188.56,188.56,185.82
1386,2020-03-24,181.18,188.8,185.75,185.75,183.09
1385,2020-03-23,169.95,178.5,176.34,176.34,175.27
1384,2020-03-20,180.0,188.3,181.3,181.3,187.74
1383,2020-03-19,177.39,187.25,180.88,180.88,179.26
1382,2020-03-18,170.0,182.41,180.0,180.0,176.0
1381,2020-03-17,179.69,189.39,184.81,184.81,181.26
1380,2020-03-16,174.5,188.0,178.85,178.85,176.15
1379,2020-03-13,187.81,195.99,194.0,194.0,194.9
1378,2020-03-12,183.93,190.4865,185.1,185.1,186.5
1377,2020-03-11,196.11,203.1,198.91,198.91,201.65
1376,2020-03-10,200.8,207.45,206.39,206.39,205.53
1375,2020-03-09,193.93,199.89,197.66,197.66,195.62
1374,2020-03-06,201.1,207.0,204.64,204.64,206.7
1373,2020-03-05,209.14,215.15,211.46,211.46,210.0
1372,2020-03-04,208.85,212.7,211.96,211.96,209.49
1371,2020-03-03,202.2398,211.39,207.41,207.41,211.08
1370,2020-03-02,203.7563,211.11,210.98,210.98,208.59
1369,2020-02-28,198.561,208.92,208.0,208.0,198.98
1368,2020-02-27,201.86,209.97,205.03,205.03,205.01
1367,2020-02-26,206.79,213.08,208.74,208.74,206.8
1366,2020-02-25,204.1,209.95,205.61,205.61,208.51
1365,2020-02-24,202.51,207.28,206.16,206.16,203.55
1364,2020-02-21,211.56,217.6,212.59,212.59,217.54
1363,2020-02-20,214.22,222.5,218.04,218.04,222.5
1362,2020-02-19,220.75,223.56,222.14,222.14,221.52
1361,2020-02-18,217.51,220.85,220.52,220.52,218.55
1360,2020-02-14,218.23,221.64,219.63,219.63,221.1
1359,2020-02-13,218.99,225.0,220.36,220.36,220.0
1358,2020-02-12,220.21,225.52,224.31,224.31,221.13
1357,2020-02-11,215.29,220.01,217.21,217.21,219.91
1356,2020-02-10,212.2,215.77,215.77,215.77,213.5
1355,2020-02-07,214.88,217.84,216.53,216.53,217.46
1354,2020-02-06,219.78,223.65,220.9,220.9,223.13
1353,2020-02-05,217.54,226.7,220.22,220.22,226.52
1352,2020-02-04,220.49,224.38,222.88,222.88,221.35
1351,2020-02-03,208.67,215.02,213.1,213.1,208.67
1350,2020-01-31,204.7282,207.93,206.59,206.59,206.5
1349,2020-01-30,205.03,209.86,208.58,208.58,207.88
1348,2020-01-29,209.52,213.98,212.02,212.02,212.56
1347,2020-01-28,207.17,210.91,210.23,210.23,209.74
1346,2020-01-27,199.5,208.02,205.47,205.47,201.22
1345,2020-01-24,211.3251,219.83,213.75,213.75,218.49
1344,2020-01-23,216.77,220.13,219.13,219.13,217.93
1343,2020-01-22,222.0,225.58,222.37,222.37,224.69
1342,2020-01-21,220.7295,222.6,222.26,222.26,222.45
1341,2020-01-17,225.35,228.0,227.43,227.43,225.9
1340,2020-01-16,222.73,226.33,223.94,223.94,226.3
1339,2020-01-15,224.39,227.82,225.06,225.06,226.65
1338,2020-01-14,224.88,230.175,226.49,226.49,230.05
1337,2020-01-13,227.04,231.14,230.48,230.48,228.81
1336,2020-01-10,222.061,225.96,223.83,223.83,223.9
1335,2020-01-09,220.82,223.08,221.78,221.78,221.5
1334,2020-01-08,216.32,220.65,218.0,218.0,216.6
1333,2020-01-07,216.69,218.94,217.63,217.63,217.64
1332,2020-01-06,214.09,217.16,216.64,216.64,214.89
1331,2020-01-03,216.01,218.2025,217.0,217.0,216.35
1330,2020-01-02,216.54,219.98,219.77,219.77,216.6
1329,2019-12-31,210.73,213.64,212.1,212.1,212.0
1328,2019-12-30,211.76,215.78,212.91,212.91,215.78
1327,2019-12-27,215.17,218.11,215.47,215.47,217.99
1326,2019-12-26,214.33,216.99,216.38,216.38,214.65
1325,2019-12-24,213.35,215.43,214.26,214.26,215.01
1324,2019-12-23,212.91,215.05,214.83,214.83,213.45
1323,2019-12-20,210.42,213.98,212.25,212.25,211.35
1322,2019-12-19,209.23,211.37,210.13,210.13,209.61
1321,2019-12-18,208.04,210.05,210.0,210.0,208.53
1320,2019-12-17,206.82,208.87,208.18,208.18,208.69
1319,2019-12-16,206.19,209.15,206.97,206.97,206.33
1318,2019-12-13,203.77,207.1,204.91,204.91,205.76
1317,2019-12-12,202.0,206.0,204.5,204.5,203.71
1316,2019-12-11,200.72,204.8,204.64,204.64,201.1
1315,2019-12-10,199.23,202.48,200.45,200.45,200.71
1314,2019-12-09,198.55,203.43,198.74,198.74,200.32
1313,2019-12-06,199.51,202.0,201.89,201.89,201.11
1312,2019-12-05,196.43,200.94,200.0,200.0,196.93
1311,2019-12-04,193.23,196.66,193.74,193.74,195.53
1310,2019-12-03,189.85,195.0,194.9,194.9,190.97
1309,2019-12-02,193.51,198.67,196.31,196.31,198.58
1308,2019-11-29,198.3502,200.43,200.0,200.0,199.81
1307,2019-11-27,197.0,200.98,200.82,200.82,197.24
1306,2019-11-26,189.04,195.0,194.7,194.7,190.39
1305,2019-11-25,187.88,190.72,190.45,190.45,188.32
1304,2019-11-22,183.935,186.78,186.78,186.78,185.8
1303,2019-11-21,181.6,184.89,184.86,184.86,181.77
1302,2019-11-20,181.06,183.7,182.35,182.35,183.67
1301,2019-11-19,183.87,186.71,185.25,185.25,186.31
1300,2019-11-18,184.16,186.98,184.61,184.61,186.98
1299,2019-11-15,183.71,185.6,185.49,185.49,184.0
1298,2019-11-14,181.3212,184.5,182.8,182.8,182.87
1297,2019-11-13,181.0,185.674,182.48,182.48,185.47
1296,2019-11-12,185.14,187.65,186.97,186.97,185.91
1295,2019-11-11,181.37,187.2,186.71,186.71,184.82
1294,2019-11-08,185.15,188.28,187.16,187.16,187.9016
1293,2019-11-07,184.69,188.07,186.66,186.66,187.07
1292,2019-11-06,182.2,185.0,184.16,184.16,183.61
1291,2019-11-05,180.31,183.2,182.0,182.0,181.42
1290,2019-11-04,178.02,182.4,179.69,179.69,180.66
1289,2019-11-01,176.06,182.12,176.46,176.46,179.01
1288,2019-10-31,175.5,179.24,176.67,176.67,179.16
1287,2019-10-30,173.9359,177.88,177.53,177.53,175.42
1286,2019-10-29,175.44,177.74,176.89,176.89,177.06
1285,2019-10-28,176.41,179.64,178.68,178.68,176.5
1284,2019-10-25,170.88,175.81,174.31,174.31,171.56
1283,2019-10-24,170.21,172.75,172.55,172.55,171.28
1282,2019-10-23,168.12,171.04,169.92,169.92,170.45
1281,2019-10-22,169.26,175.3602,169.89,169.89,174.53
1280,2019-10-21,170.87,173.91,173.52,173.52,172.64
1279,2019-10-18,169.0,176.23,169.13,169.13,176.0
1278,2019-10-17,175.23,178.59,176.85,176.85,178.0
1277,2019-10-16,174.12,177.35,177.12,177.12,175.8
1276,2019-10-15,172.69,176.75,175.29,175.29,172.91
1275,2019-10-14,170.79,173.34,171.16,171.16,172.84
1274,2019-10-11,169.57,174.88,172.94,172.94,170.77
1273,2019-10-10,164.09,168.57,166.07,166.07,165.96
1272,2019-10-09,163.42,166.58,165.19,165.19,165.5
1271,2019-10-08,161.68,165.22,161.93,161.93,164.3
1270,2019-10-07,167.21,172.3,168.32,168.32,168.83
1269,2019-10-04,167.56,170.7,170.34,170.34,169.6
1268,2019-10-03,165.0,170.18,169.48,169.48,166.65
1267,2019-10-02,161.9,166.88,165.77,165.77,162.82
1266,2019-10-01,163.64,168.23,165.15,165.15,168.01
1265,2019-09-30,166.45,170.2,167.23,167.23,169.8865
1264,2019-09-27,163.15,176.5,165.98,165.98,176.0
1263,2019-09-26,174.83,178.23,175.0,175.0,177.0
1262,2019-09-25,171.72,176.99,176.66,176.66,172.3
1261,2019-09-24,171.3,179.49,171.55,171.55,179.17
1260,2019-09-23,176.8,181.33,176.98,176.98,181.25
1259,2019-09-20,178.84,183.82,182.51,182.51,182.31
1258,2019-09-19,180.43,184.13,180.46,180.46,180.9
1257,2019-09-18,177.58,180.17,180.0,180.0,179.15
1256,2019-09-17,176.05,179.12,179.0,179.0,176.85
1255,2019-09-16,175.37,179.17,177.07,177.07,177.75
1254,2019-09-13,178.61,180.18,179.17,179.17,179.74
1253,2019-09-12,177.0,180.5,178.24,178.24,177.89
1252,2019-09-11,174.15,176.66,176.09,176.09,176.0
1251,2019-09-10,172.22,176.3,174.99,174.99,176.28
1250,2019-09-09,175.86,177.99,177.78,177.78,177.88
1249,2019-09-06,176.21,179.22,176.69,176.69,179.01
1248,2019-09-05,176.52,178.95,178.94,178.94,176.88
1247,2019-09-04,173.99,176.55,174.33,174.33,176.26
1246,2019-09-03,172.15,174.72,172.41,172.41,173.0
1245,2019-08-30,172.66,175.25,175.03,175.03,174.35
1244,2019-08-29,170.95,173.96,172.81,172.81,171.0
1243,2019-08-28,164.2,168.0,167.48,167.48,164.64
1242,2019-08-27,165.19,168.19,166.2,166.2,167.2
1241,2019-08-26,165.53,167.45,165.9,165.9,166.49
1240,2019-08-23,163.831,171.49,164.54,164.54,169.69
1239,2019-08-22,170.5,174.9796,171.91,171.91,174.1
1238,2019-08-21,174.89,178.5,175.24,175.24,177.22
1237,2019-08-20,175.62,177.99,177.21,177.21,175.91
1236,2019-08-19,175.59,178.8,178.28,178.28,177.43
1235,2019-08-16,168.57,177.55,174.6,174.6,170.0
1234,2019-08-15,164.36,171.0,166.97,166.97,170.11
1233,2019-08-14,159.21,163.0,162.06,162.06,161.34
1232,2019-08-13,159.57,167.36,164.03,164.03,160.64
1231,2019-08-12,155.54,159.36,159.31,159.31,157.5
1230,2019-08-09,159.11,161.99,159.12,159.12,160.98
1229,2019-08-08,159.12,162.3,162.22,162.22,161.71
1228,2019-08-07,155.3,159.48,159.17,159.17,155.73
1227,2019-08-06,156.11,158.73,157.43,157.43,158.48
1226,2019-08-05,151.85,157.23,153.67,153.67,155.03
1225,2019-08-02,160.35,163.85,161.0,161.0,162.56
1224,2019-08-01,162.1,175.7145,165.65,165.65,174.54
1223,2019-07-31,170.09,174.89,173.11,173.11,173.71
1222,2019-07-30,172.89,175.71,174.1,174.1,174.25
1221,2019-07-29,175.35,179.88,177.02,177.02,178.43
1220,2019-07-26,176.88,179.4,178.74,178.74,178.25
1219,2019-07-25,175.369,179.15,177.29,177.29,178.49
1218,2019-07-24,176.9382,178.96,178.67,178.67,178.0
1217,2019-07-23,174.845,178.64,178.09,178.09,175.39
1216,2019-07-22,171.4373,174.28,174.0,174.0,173.5
1215,2019-07-19,172.99,175.15,172.99,172.99,174.87
1214,2019-07-18,172.06,174.4,172.8,172.8,173.41
1213,2019-07-17,172.49,176.22,174.82,174.82,172.75
1212,2019-07-16,173.46,175.52,174.19,174.19,174.2
1211,2019-07-15,170.42,173.75,173.5,173.5,171.5
1210,2019-07-12,167.65,170.2,169.07,169.07,168.0
1209,2019-07-11,165.0,168.424,166.55,166.55,167.56
1208,2019-07-10,166.86,171.37,166.93,166.93,171.24
1207,2019-07-09,166.5,168.98,168.8,168.8,167.085
1206,2019-07-08,168.35,170.28,168.45,168.45,170.09
1205,2019-07-05,172.82,173.82,173.3,173.3,173.75
1204,2019-07-03,173.85,175.85,174.67,174.67,175.69
1203,2019-07-02,174.25,175.55,175.45,175.45,175.13
1202,2019-07-01,174.36,177.95,175.05,175.05,175.865
1201,2019-06-28,167.96,170.89,169.45,169.45,170.2
1200,2019-06-27,169.38,171.98,170.9,170.9,170.62
1199,2019-06-26,168.15,171.24,168.99,168.99,168.28
1198,2019-06-25,164.62,167.34,165.8,165.8,167.04
1197,2019-06-24,165.78,168.88,168.1,168.1,168.4
1196,2019-06-21,166.77,169.471,167.55,167.55,167.48
1195,2019-06-20,166.275,170.48,168.25,168.25,170.19
1194,2019-06-19,163.42,167.9,165.46,165.46,167.77
1193,2019-06-18,161.95,169.11,165.51,165.51,162.89
1192,2019-06-17,157.42,160.55,159.91,159.91,157.53
1191,2019-06-14,157.23,158.71,158.1,158.1,158.37
1190,2019-06-13,159.8,161.32,160.33,160.33,160.55
1189,2019-06-12,158.81,161.7,160.04,160.04,160.47
1188,2019-06-11,161.9245,165.68,162.65,162.65,164.2
1187,2019-06-10,157.4,161.98,159.85,159.85,158.78
1186,2019-06-07,152.2135,155.69,154.23,154.23,152.95
1185,2019-06-06,150.57,152.7,151.5,151.5,152.0
1184,2019-06-05,149.31,156.11,151.65,151.65,155.17
1183,2019-06-04,150.64,155.2,154.15,154.15,151.56
1182,2019-06-03,148.845,151.77,149.91,149.91,149.6
1181,2019-05-31,147.95,150.68,149.26,149.26,149.63
1180,2019-05-30,150.25,153.37,151.07,151.07,152.36
1179,2019-05-29,150.71,154.385,152.48,152.48,153.58
1178,2019-05-28,153.22,157.07,154.81,154.81,156.4
1177,2019-05-24,154.9,158.43,155.0,155.0,157.615
1176,2019-05-23,154.41,158.4795,156.0,156.0,155.45
1175,2019-05-22,158.07,162.82,158.83,158.83,162.41
1174,2019-05-21,162.52,165.5896,163.43,163.43,163.16
1173,2019-05-20,160.02,164.57,160.65,160.65,164.44
1172,2019-05-17,168.49,172.29,169.57,169.57,171.69
1171,2019-05-16,174.75,178.25,175.57,175.57,178.18
1170,2019-05-15,173.3212,180.24,177.6,177.6,177.06
1169,2019-05-14,171.48,175.15,174.84,174.84,172.75
1168,2019-05-13,168.78,172.47,170.01,170.01,169.79
1167,2019-05-10,174.1,180.79,178.0,178.0,180.18
1166,2019-05-09,173.07,180.695,179.04,179.04,175.43
1165,2019-05-08,178.58,183.2,179.59,179.59,180.95
1164,2019-05-07,179.63,186.45,181.43,181.43,186.05
1163,2019-05-06,184.83,189.0,188.24,188.24,185.17
1162,2019-05-03,191.88,195.72,195.21,195.21,191.88
1161,2019-05-02,186.65,192.7,190.39,190.39,189.42
1160,2019-05-01,185.88,193.195,189.31,189.31,186.75
1159,2019-04-30,183.82,188.25,185.57,185.57,186.3
1158,2019-04-29,185.76,188.0,186.94,186.94,187.42
1157,2019-04-26,185.51,188.74,187.09,187.09,187.88
1156,2019-04-25,183.955,188.13,187.88,187.88,185.24
1155,2019-04-24,184.58,186.9,185.67,185.67,186.76
1154,2019-04-23,185.44,188.15,187.29,187.29,186.0
1153,2019-04-22,183.61,186.47,185.38,185.38,184.5
1152,2019-04-18,185.39,187.28,186.94,186.94,186.41
1151,2019-04-17,185.78,188.2,187.55,187.55,187.34
1150,2019-04-16,183.4,185.79,185.78,185.78,185.55
1149,2019-04-15,182.56,188.17,183.07,183.07,188.06
1148,2019-04-12,187.14,189.79,188.91,188.91,187.71
1147,2019-04-11,183.75,186.06,184.98,184.98,185.15
1146,2019-04-10,184.0,187.4,186.19,186.19,186.69
1145,2019-04-09,186.16,187.89,187.19,187.19,186.49
1144,2019-04-08,184.01,187.82,186.5,186.5,184.19
1143,2019-04-05,182.0,185.5,185.35,185.35,182.51
1142,2019-04-04,176.89,181.96,181.07,181.07,177.04
1141,2019-04-03,176.76,180.7,178.32,178.32,179.51
1140,2019-04-02,180.95,183.5627,181.74,181.74,181.46
1139,2019-04-01,180.89,185.56,180.89,180.89,185.09
1138,2019-03-29,179.0,182.6,182.45,182.45,180.73
1137,2019-03-28,175.97,178.53,177.73,177.73,177.47
1136,2019-03-27,176.9125,179.83,177.03,177.03,177.7
1135,2019-03-26,177.095,180.65,178.08,178.08,179.7
1134,2019-03-25,174.1,178.9,178.77,178.77,174.33
1133,2019-03-22,175.3362,180.48,176.26,176.26,179.77
1132,2019-03-21,178.52,181.73,181.5,181.5,178.95
1131,2019-03-20,178.43,181.95,181.28,181.28,180.94
1130,2019-03-19,180.85,183.36,182.14,182.14,181.63
1129,2019-03-18,180.76,182.89,181.83,181.83,181.93
1128,2019-03-15,179.66,181.45,180.97,180.97,180.66
1127,2019-03-14,178.01,180.82,180.36,180.36,179.06
1126,2019-03-13,179.26,182.535,180.7,180.7,180.73
1125,2019-03-12,179.51,182.18,180.63,180.63,182.04
1124,2019-03-11,177.58,181.72,180.41,180.41,177.83
1123,2019-03-08,171.565,175.35,175.03,175.03,171.565
1122,2019-03-07,176.73,181.8,177.32,177.32,180.91
1121,2019-03-06,183.02,185.59,184.17,184.17,184.38
1120,2019-03-05,185.0,188.08,185.0,185.0,186.94
1119,2019-03-04,184.46,187.34,187.25,187.25,186.0
1118,2019-03-01,183.38,186.9,183.88,183.88,185.09
1117,2019-02-28,181.47,184.3,183.03,183.03,183.01
1116,2019-02-27,180.88,184.93,184.58,184.58,181.72
1115,2019-02-26,179.37,184.35,183.54,183.54,179.79
1114,2019-02-25,180.73,183.72,183.25,183.25,181.26
1113,2019-02-22,172.52,177.02,176.92,176.92,172.8
1112,2019-02-21,169.8,171.78,171.66,171.66,171.0
1111,2019-02-20,170.61,172.68,170.71,170.71,171.0
1110,2019-02-19,166.5,171.15,170.18,170.18,166.98
1109,2019-02-15,165.41,168.77,166.15,166.15,168.61
1108,2019-02-14,166.61,168.5,168.38,168.38,167.64
1107,2019-02-13,168.99,171.05,169.4,169.4,169.91
1106,2019-02-12,168.61,170.49,168.71,168.71,169.6
1105,2019-02-11,167.45,170.33,167.45,167.45,168.85
1104,2019-02-08,163.75,167.65,167.36,167.36,163.83
1103,2019-02-07,164.336,169.61,166.96,166.96,169.16
1102,2019-02-06,169.99,173.09,171.52,171.52,171.86
1101,2019-02-05,168.0,171.95,171.83,171.83,168.55
1100,2019-02-04,165.61,167.55,166.7,166.7,166.32
1099,2019-02-01,167.63,169.4,167.97,167.97,168.0
1098,2019-01-31,165.7,169.73,168.49,168.49,167.8
1097,2019-01-30,160.5,167.84,166.82,166.82,161.29
1096,2019-01-29,155.92,160.3746,156.88,156.88,159.04
1095,2019-01-28,155.3,159.69,158.92,158.92,157.8
1094,2019-01-25,157.43,160.5,159.21,159.21,158.91
1093,2019-01-24,151.21,156.0,155.86,155.86,151.47
1092,2019-01-23,150.95,155.18,152.03,152.03,154.65
1091,2019-01-22,150.2069,155.44,152.15,152.15,154.4
1090,2019-01-18,154.73,159.49,157.02,157.02,158.45
1089,2019-01-17,151.9,158.55,155.97,155.97,152.11
1088,2019-01-16,151.5,155.39,154.84,154.84,152.81
1087,2019-01-15,149.9643,154.17,150.88,150.88,150.68
1086,2019-01-14,146.54,150.57,149.27,149.27,148.5
1085,2019-01-11,150.1401,153.38,151.32,151.32,151.83
1084,2019-01-10,148.88,152.03,151.69,151.69,149.81
1083,2019-01-09,148.5,153.35,151.92,151.92,149.89
1082,2019-01-08,142.06,147.55,146.79,146.79,145.0
1081,2019-01-07,139.01,144.08,143.1,143.1,140.55
1080,2019-01-04,133.66,141.08,139.75,139.75,134.26
1079,2019-01-03,129.83,134.8699,130.6,130.6,134.27
1078,2019-01-02,133.03,137.7488,136.7,136.7,134.13
1077,2018-12-31,136.04,142.02,137.07,137.07,141.83
1076,2018-12-28,136.79,140.98,139.09,139.09,139.2
1075,2018-12-27,133.89,138.45,138.45,138.45,135.05
1074,2018-12-26,130.18,138.02,138.0,138.0,132.87
1073,2018-12-24,129.77,134.57,131.89,131.89,130.0
1072,2018-12-21,130.23,137.19,132.0,132.0,137.08
1071,2018-12-20,132.91,137.755,135.11,135.11,135.83
1070,2018-12-19,135.73,141.325,137.14,137.14,141.04
1069,2018-12-18,140.11,144.75,140.82,140.82,144.28
1068,2018-12-17,142.24,147.94,143.98,143.98,146.5
1067,2018-12-14,145.72,150.7,149.0,149.0,147.71
1066,2018-12-13,150.52,153.46,151.48,151.48,153.05
1065,2018-12-12,151.43,156.17,151.5,151.5,155.24
1064,2018-12-11,150.9,156.24,151.83,151.83,155.26
1063,2018-12-10,147.48,152.81,151.43,151.43,150.39
1062,2018-12-07,151.73,158.05,153.06,153.06,155.4
1061,2018-12-06,150.51,155.87,155.83,155.83,153.0
1060,2018-12-04,156.46,164.98,158.34,158.34,164.88
1059,2018-12-03,163.51,168.8,163.74,163.74,168.64
1058,2018-11-30,156.7201,160.86,160.86,160.86,157.9
1057,2018-11-29,153.54,159.0,156.28,156.28,158.08
1056,2018-11-28,155.26,159.8,159.34,159.34,159.01
1055,2018-11-27,153.5802,157.94,156.46,156.46,154.64
1054,2018-11-26,152.37,156.53,156.01,156.01,153.21
1053,2018-11-23,147.0,151.17,150.33,150.33,147.3
1052,2018-11-21,148.65,151.48,149.41,149.41,149.06
1051,2018-11-20,142.82,148.07,145.98,145.98,144.48
1050,2018-11-19,148.77,153.21,149.53,149.53,152.02
1049,2018-11-16,152.1423,155.8,154.1,154.1,155.04
1048,2018-11-15,150.89,157.4,156.22,156.22,152.9
1047,2018-11-14,148.44,152.15,150.44,150.44,150.21
1046,2018-11-13,143.91,149.94,146.98,146.98,144.83
1045,2018-11-12,139.97,146.406,142.82,142.82,145.01
1044,2018-11-09,142.48,145.72,144.85,144.85,145.57
1043,2018-11-08,146.69,151.88,148.99,148.99,150.99
1042,2018-11-07,148.94,152.8,152.5,152.5,150.77
1041,2018-11-06,145.325,149.96,147.44,147.44,145.87
1040,2018-11-05,144.23,149.37,144.64,144.64,146.22
1039,2018-11-02,146.28,154.36,147.59,147.59,152.56
1038,2018-11-01,138.62,152.3175,151.25,151.25,144.98
1037,2018-10-31,139.14,142.65,142.28,142.28,141.35
1036,2018-10-30,130.06,136.4,136.33,136.33,132.28
1035,2018-10-29,131.36,144.0,133.38,133.38,142.42
1034,2018-10-26,138.55,145.8293,142.87,142.87,139.0
1033,2018-10-25,141.01,144.91,144.6,144.6,142.5
1032,2018-10-24,139.34,146.69,139.61,139.61,145.18
1031,2018-10-23,142.62,147.51,146.65,146.65,143.22
1030,2018-10-22,146.1,150.2,148.8,148.8,148.99
1029,2018-10-19,142.61,146.77,142.93,142.93,145.34
1028,2018-10-18,140.8,146.28,142.02,142.02,145.85
1027,2018-10-17,146.37,150.68,148.14,148.14,150.68
1026,2018-10-16,145.26,149.76,149.6,149.6,145.71
1025,2018-10-15,142.3,145.69,144.16,144.16,144.77
1024,2018-10-12,144.52,149.0,147.29,147.29,148.62
1023,2018-10-11,135.14,142.91,141.9,141.9,135.53
1022,2018-10-10,137.92,144.0,138.29,138.29,142.5
1021,2018-10-09,146.47,150.5898,146.94,146.94,147.97
1020,2018-10-08,148.34,152.6357,151.14,151.14,150.2
1019,2018-10-05,152.25,157.12,154.63,154.63,156.14
1018,2018-10-04,153.87,160.08,156.13,156.13,160.06
1017,2018-10-03,161.93,164.54,162.37,162.37,163.15
1016,2018-10-02,158.27,161.0278,160.23,160.23,159.79
1015,2018-10-01,161.56,165.95,162.0,162.0,165.92
1014,2018-09-28,163.3,165.66,164.76,164.76,164.9
1013,2018-09-27,164.92,167.05,166.32,166.32,166.39
1012,2018-09-26,164.87,167.39,165.4,165.4,165.52
1011,2018-09-25,162.83,165.44,164.25,164.25,164.05
1010,2018-09-24,160.1,163.399,163.16,163.16,162.81
1009,2018-09-21,164.5,169.84,164.63,164.63,169.46
1008,2018-09-20,164.7163,167.7,165.88,165.88,166.89
1007,2018-09-19,158.82,163.13,162.63,162.63,158.82
1006,2018-09-18,155.52,159.4,156.65,156.65,156.88
1005,2018-09-17,158.2886,161.65,158.89,158.89,161.5
1004,2018-09-14,163.381,168.0,164.74,164.74,167.88
1003,2018-09-13,164.01,167.22,165.53,165.53,165.41
1002,2018-09-12,156.1808,162.82,161.46,161.46,158.2
1001,2018-09-11,152.85,158.45,157.46,157.46,153.18
1000,2018-09-10,155.0,160.72,156.36,156.36,158.59
999,2018-09-07,159.5095,164.61,162.37,162.37,159.95
998,2018-09-06,158.67,166.48,159.87,159.87,164.16
997,2018-09-05,162.03,168.28,164.23,164.23,167.48
996,2018-09-04,169.0,173.95,170.44,170.44,173.5
995,2018-08-31,172.76,176.681,175.01,175.01,173.11
994,2018-08-30,174.122,178.1,174.6,174.6,177.33
993,2018-08-29,176.83,179.66,178.5,178.5,179.35
992,2018-08-28,177.5,182.38,178.19,178.19,182.15
991,2018-08-27,176.22,180.88,180.65,180.65,177.1
990,2018-08-24,172.45,176.37,174.23,174.23,175.0
989,2018-08-23,171.91,186.5,172.23,172.23,184.97
988,2018-08-22,175.5,179.74,177.85,177.85,178.15
987,2018-08-21,176.97,179.67,177.92,177.92,177.63
986,2018-08-20,174.36,178.86,176.29,176.29,175.22
985,2018-08-17,168.38,174.2,172.78,172.78,172.52
984,2018-08-16,171.57,175.7,171.99,171.99,172.33
983,2018-08-15,165.39,169.85,169.83,169.83,167.11
982,2018-08-14,170.77,176.2,172.53,172.53,175.14
981,2018-08-13,177.0,180.65,177.68,177.68,179.65
980,2018-08-10,174.75,180.45,180.01,180.01,175.57
979,2018-08-09,176.76,180.63,177.19,177.19,179.31
978,2018-08-08,176.55,180.18,177.52,177.52,180.0
977,2018-08-07,179.74,183.0,179.92,179.92,180.29
976,2018-08-06,177.49,180.86,178.62,178.62,180.7
975,2018-08-03,180.08,184.5,180.84,180.84,184.15
974,2018-08-02,179.78,182.9,182.6,182.6,181.54
973,2018-08-01,183.96,189.06,185.27,185.27,186.0
972,2018-07-31,183.99,188.948,187.23,187.23,186.4
971,2018-07-30,182.06,190.59,184.82,184.82,190.22
970,2018-07-27,186.93,196.27,189.42,189.42,196.1
969,2018-07-26,192.62,196.12,194.18,194.18,193.21
968,2018-07-25,190.14,198.35,197.98,197.98,190.61
967,2018-07-24,188.35,193.07,189.0,189.0,190.19
966,2018-07-23,184.8,187.81,187.04,187.04,187.18
965,2018-07-20,186.61,189.5,187.25,187.25,189.49
964,2018-07-19,186.87,189.68,187.34,187.34,188.68
963,2018-07-18,189.91,193.23,190.79,190.79,192.45
962,2018-07-17,187.9,192.95,192.66,192.66,188.65
961,2018-07-16,189.15,191.37,190.35,190.35,189.57
960,2018-07-13,189.3,192.12,190.04,190.04,191.61
959,2018-07-12,189.79,192.58,190.17,190.17,190.77
958,2018-07-11,187.42,190.05,187.42,187.42,188.6
957,2018-07-10,191.48,195.13,192.55,192.55,192.89
956,2018-07-09,190.87,194.69,192.75,192.75,194.45
955,2018-07-06,185.54,192.49,192.27,192.27,186.01
954,2018-07-05,182.9,187.44,186.88,186.88,187.17
953,2018-07-03,184.36,188.5,184.75,184.75,187.88
952,2018-07-02,181.06,186.36,186.36,186.36,181.66
951,2018-06-29,184.26,188.97,185.53,185.53,185.36
950,2018-06-28,182.04,188.96,188.38,188.38,183.2
949,2018-06-27,184.89,193.6,185.02,185.02,193.46
948,2018-06-26,188.42,193.66,191.42,191.42,193.34
947,2018-06-25,187.86,198.1,191.25,191.25,197.85
946,2018-06-22,200.25,203.8,202.01,202.01,203.38
945,2018-06-21,201.04,206.0,202.21,202.21,205.84
944,2018-06-20,205.02,207.23,206.23,206.23,205.05
943,2018-06-19,199.5,204.51,204.43,204.43,203.53
942,2018-06-18,203.88,208.6,208.57,208.57,205.16
941,2018-06-15,206.01,210.08,208.0,208.0,207.49
940,2018-06-14,207.51,211.12,210.86,210.86,207.72
939,2018-06-13,206.6,209.65,206.62,206.62,209.44
938,2018-06-12,206.9,209.8,209.08,209.08,206.95
937,2018-06-11,205.01,207.6,205.7,205.7,206.5
936,2018-06-08,200.43,206.23,205.07,205.07,201.11
935,2018-06-07,200.88,209.0,203.62,203.62,207.46
934,2018-06-06,207.2893,210.46,208.3,208.3,209.86
933,2018-06-05,207.13,211.7,208.37,208.37,209.95
932,2018-06-04,204.73,209.75,208.95,208.95,205.12
931,2018-06-01,199.45,204.99,204.34,204.34,199.5
930,2018-05-31,196.85,199.48,198.01,198.01,198.0
929,2018-05-30,197.5,200.54,197.98,197.98,199.7
928,2018-05-29,197.0,202.28,198.0,198.0,197.94
927,2018-05-25,197.21,201.5,199.2,199.2,197.57
926,2018-05-24,195.6974,199.72,197.37,197.37,198.12
925,2018-05-23,192.8011,196.9,196.8,196.8,193.88
924,2018-05-22,195.7,198.6274,195.87,195.87,198.3
923,2018-05-21,196.4,199.79,197.64,197.64,197.8
922,2018-05-18,194.72,197.78,195.0,195.0,196.43
921,2018-05-17,195.57,198.43,196.02,196.02,196.0
920,2018-05-16,196.3,199.75,198.11,198.11,196.75
919,2018-05-15,193.86,196.78,196.61,196.61,195.23
918,2018-05-14,195.87,200.0,198.64,198.64,195.9
917,2018-05-11,193.38,196.46,194.36,194.36,196.4
916,2018-05-10,195.16,199.77,195.96,195.96,196.3
915,2018-05-09,194.5,197.38,195.43,195.43,195.84
914,2018-05-08,193.01,197.34,196.31,196.31,194.2
913,2018-05-07,190.3,196.6,195.35,195.35,190.41
912,2018-05-04,178.62,190.6,188.89,188.89,180.4
911,2018-05-03,175.77,183.59,182.45,182.45,183.5
910,2018-05-02,180.11,184.264,181.45,181.45,180.8
909,2018-05-01,177.44,180.3199,179.5,179.5,177.58
908,2018-04-30,177.05,180.04,178.54,178.54,178.09
907,2018-04-27,174.01,178.2,177.16,177.16,177.11
906,2018-04-26,172.05,174.36,173.9,173.9,173.25
905,2018-04-25,166.64,171.3,170.22,170.22,170.52
904,2018-04-24,170.68,178.0,173.09,173.09,177.63
903,2018-04-23,174.71,179.32,175.57,175.57,178.63
902,2018-04-20,177.53,181.39,179.11,179.11,179.36
901,2018-04-19,179.52,183.63,181.39,181.39,183.26
900,2018-04-18,177.64,182.88,182.68,182.68,178.9
899,2018-04-17,174.83,179.34,178.7,178.7,174.83
898,2018-04-16,171.01,174.79,174.7,174.7,172.01
897,2018-04-13,171.07,176.8,172.04,172.04,176.72
896,2018-04-12,174.56,177.9,175.92,175.92,175.93
895,2018-04-11,174.74,178.16,175.36,175.36,176.48
894,2018-04-10,173.85,177.88,177.1,177.1,175.1
893,2018-04-09,168.61,172.72,169.87,169.87,169.75
892,2018-04-06,166.4,172.27,167.52,167.52,169.84
891,2018-04-05,171.17,176.56,172.57,172.57,175.48
890,2018-04-04,166.13,172.4099,172.07,172.07,166.88
889,2018-04-03,173.0,179.58,174.67,174.67,179.26
888,2018-04-02,175.75,183.51,177.61,177.61,182.81
887,2018-03-29,178.62,185.13,183.54,183.54,180.88
886,2018-03-28,177.57,183.44,178.91,178.91,180.73
885,2018-03-27,180.66,192.25,181.89,181.89,192.24
884,2018-03-26,184.32,190.62,190.5,190.5,187.89
883,2018-03-23,180.401,188.48,181.2,181.2,186.85
882,2018-03-22,184.6,192.39,184.65,184.65,190.75
881,2018-03-21,194.57,198.88,195.3,195.3,198.8
880,2018-03-20,194.54,199.21,198.95,198.95,194.95
879,2018-03-19,192.801,198.43,194.53,194.53,198.0
878,2018-03-16,197.26,200.38,200.28,200.28,198.4
877,2018-03-15,196.52,201.5,199.06,199.06,198.44
876,2018-03-14,190.22,193.63,192.56,192.56,190.29
875,2018-03-13,187.39,194.25,188.41,188.41,193.88
874,2018-03-12,190.9,194.4,192.74,192.74,192.3
873,2018-03-09,188.01,190.7,190.55,190.55,189.64
872,2018-03-08,186.5699,190.23,187.18,187.18,189.05
871,2018-03-07,184.32,189.07,189.05,189.05,184.37
870,2018-03-06,184.82,188.01,187.37,187.37,185.19
869,2018-03-05,177.07,181.95,181.6,181.6,179.41
868,2018-03-02,175.45,180.23,179.76,179.76,178.01
867,2018-03-01,180.05,187.48,181.99,181.99,186.18
866,2018-02-28,185.0,188.24,186.14,186.14,187.25
865,2018-02-27,187.21,193.5667,188.26,188.26,192.59
864,2018-02-26,190.65,195.15,194.19,194.19,194.46
863,2018-02-23,189.95,193.405,193.29,193.29,190.18
862,2018-02-22,187.77,190.74,188.75,188.75,190.2
861,2018-02-21,188.46,193.17,188.82,188.82,189.37
860,2018-02-20,183.0,188.83,187.19,187.19,183.67
859,2018-02-16,183.54,188.27,183.68,183.68,186.75
858,2018-02-15,184.431,189.56,187.45,187.45,189.25
857,2018-02-14,178.9002,186.93,186.76,186.76,179.22
856,2018-02-13,177.0,182.15,179.25,179.25,177.42
855,2018-02-12,175.0861,180.79,177.44,177.44,180.44
854,2018-02-09,168.88,177.6164,176.67,176.67,175.12
853,2018-02-08,171.39,183.1,173.7,173.7,182.27
852,2018-02-07,180.3,186.83,180.3,180.3,183.5
851,2018-02-06,174.17,185.59,185.17,185.17,174.72
850,2018-02-05,179.9,190.4699,180.53,180.53,183.7
849,2018-02-02,186.8,195.68,187.31,187.31,194.79
848,2018-02-01,191.14,199.49,192.22,192.22,192.75
847,2018-01-31,202.8,206.2,204.29,204.29,202.82
846,2018-01-30,196.49,202.54,199.66,199.66,198.68
845,2018-01-29,201.82,205.69,203.01,203.01,204.83
844,2018-01-26,199.21,205.23,205.22,205.22,200.33
843,2018-01-25,194.1001,199.59,198.33,198.33,196.34
842,2018-01-24,192.4,198.86,195.53,195.53,194.71
841,2018-01-23,183.54,192.4,192.28,192.28,185.28
840,2018-01-22,181.68,185.04,184.02,184.02,184.975
839,2018-01-19,182.8,185.239,184.05,184.05,185.15
838,2018-01-18,182.69,185.845,184.4,184.4,184.28
837,2018-01-17,179.32,184.8,183.83,183.83,183.3
836,2018-01-16,181.75,191.74,182.4,182.4,190.4
835,2018-01-12,187.25,190.2,187.79,187.79,189.91
834,2018-01-11,188.1,190.43,188.75,188.75,189.73
833,2018-01-10,186.58,190.39,189.79,189.79,188.1
832,2018-01-09,188.0,192.49,190.8,190.8,191.13
831,2018-01-08,189.07,191.66,190.33,190.33,190.46
830,2018-01-05,186.301,190.75,190.7,190.7,187.17
829,2018-01-04,184.43,187.7472,185.71,185.71,185.9
828,2018-01-03,181.4,185.635,184.0,184.0,185.19
827,2018-01-02,175.7,184.1,183.65,183.65,176.399
826,2017-12-29,171.2,173.67,172.43,172.43,172.28
825,2017-12-28,171.67,173.53,172.3,172.3,173.04
824,2017-12-27,171.73,173.87,172.97,172.97,172.29
823,2017-12-26,171.73,175.15,172.33,172.33,174.55
822,2017-12-22,175.04,176.66,176.29,176.29,175.94
821,2017-12-21,172.6508,176.25,175.32,175.32,172.85
820,2017-12-20,170.8,172.9,172.64,172.64,171.59
819,2017-12-19,170.51,173.0,171.28,171.28,171.6
818,2017-12-18,172.37,174.7,173.37,173.37,174.271
817,2017-12-15,170.0,173.55,173.55,173.55,172.97
816,2017-12-14,169.61,173.39,171.75,171.75,173.28
815,2017-12-13,174.3,177.7,176.47,176.47,175.19
814,2017-12-12,173.77,178.16,174.64,174.64,178.0
813,2017-12-11,178.15,180.68,179.29,179.29,179.19
812,2017-12-08,176.37,178.96,177.62,177.62,177.72
811,2017-12-07,172.26,175.82,174.47,174.47,173.76
810,2017-12-06,167.8653,173.23,172.63,172.63,168.3
809,2017-12-05,164.25,172.96,168.96,168.96,165.28
808,2017-12-04,168.26,177.58,169.58,169.58,177.2
807,2017-12-01,173.8,179.8,174.61,174.61,175.27
806,2017-11-30,176.32,179.8,177.08,177.08,179.53
805,2017-11-29,173.62,185.41,179.91,179.91,185.25
804,2017-11-28,186.5,189.1,186.69,186.69,188.83
803,2017-11-27,187.55,191.4503,188.03,188.03,190.49
802,2017-11-24,188.7,191.7,191.19,191.19,189.39
801,2017-11-22,189.37,191.75,189.84,189.84,191.54
800,2017-11-21,188.8,191.56,190.9,190.9,190.35
799,2017-11-20,186.611,190.0,188.0,188.0,187.6
798,2017-11-17,184.67,186.5,185.13,185.13,185.92
797,2017-11-16,183.12,186.27,185.43,185.43,183.31
796,2017-11-15,176.736,181.88,181.48,181.48,179.37
795,2017-11-14,181.15,184.38,181.79,181.79,184.3
794,2017-11-13,184.0,187.88,184.54,184.54,186.77
793,2017-11-10,185.4,187.17,186.41,186.41,187.03
792,2017-11-09,181.05,185.13,185.13,185.13,184.21
791,2017-11-08,185.1,188.15,185.9,185.9,187.98
790,2017-11-07,187.0,189.86,188.51,188.51,189.58
789,2017-11-06,184.0,188.25,187.84,187.84,184.07
788,2017-11-03,182.06,186.93,183.21,183.21,186.51
787,2017-11-02,183.31,191.22,184.81,184.81,190.99
786,2017-11-01,183.58,188.88,186.08,186.08,187.88
785,2017-10-31,181.811,185.12,184.89,184.89,183.57
784,2017-10-30,177.59,181.9,181.58,181.58,178.43
783,2017-10-27,171.11,177.0,176.15,176.15,173.19
782,2017-10-26,168.58,171.45,170.32,170.32,170.62
781,2017-10-25,169.3,175.44,170.22,170.22,174.69
780,2017-10-24,173.26,175.98,173.7,173.7,174.0
779,2017-10-23,173.05,178.01,173.13,173.13,177.8
778,2017-10-20,177.08,179.52,177.32,177.32,179.02
777,2017-10-19,175.45,179.61,177.93,177.93,177.001
776,2017-10-18,176.28,180.0,179.61,179.61,177.09
775,2017-10-17,175.3,180.12,175.32,175.32,179.58
774,2017-10-16,178.51,180.05,179.56,179.56,180.0
773,2017-10-13,177.97,181.4,178.45,178.45,180.96
772,2017-10-12,180.348,184.39,180.53,180.53,184.04
771,2017-10-11,182.601,184.7,184.69,184.69,183.0
770,2017-10-10,181.36,184.46,183.12,183.12,181.65
769,2017-10-09,178.75,183.132,182.09,182.09,178.97
768,2017-10-06,177.61,179.87,179.2,179.2,177.85
767,2017-10-05,176.03,179.73,178.89,178.89,179.0
766,2017-10-04,177.3,180.0,178.71,178.71,178.06
765,2017-10-03,173.61,178.78,178.56,178.56,176.06
764,2017-10-02,172.57,175.13,173.61,173.61,174.57
763,2017-09-29,170.74,173.54,172.71,172.71,171.11
762,2017-09-28,169.567,171.88,170.24,170.24,170.91
761,2017-09-27,169.45,171.95,170.99,170.99,169.84
760,2017-09-26,166.79,171.9,167.02,167.02,170.01
759,2017-09-25,167.5,177.0,169.59,169.59,176.48
758,2017-09-22,175.68,178.42,178.14,178.14,176.2
757,2017-09-21,175.3,178.861,177.39,177.39,178.05
756,2017-09-20,176.151,180.5,177.95,177.95,180.02
755,2017-09-19,179.25,180.87,180.07,180.07,180.69
754,2017-09-18,177.75,180.29,179.98,179.98,178.89
753,2017-09-15,176.7,179.75,176.7,176.7,177.9
752,2017-09-14,176.02,179.93,177.1,177.1,177.54
751,2017-09-13,175.56,179.1,178.97,178.97,175.75
750,2017-09-12,173.37,175.62,175.31,175.31,174.89
749,2017-09-11,171.5,174.2,174.06,174.06,171.5
748,2017-09-08,168.92,171.22,169.0,169.0,169.99
747,2017-09-07,168.0,170.97,170.48,170.48,169.26
746,2017-09-06,167.0,171.11,168.14,168.14,170.17
745,2017-09-05,168.738,171.93,169.92,169.92,169.47
744,2017-09-01,170.65,172.386,171.04,171.04,171.99
743,2017-08-31,170.25,172.9,171.74,171.74,172.54
742,2017-08-30,169.15,172.39,171.25,171.25,169.15
741,2017-08-29,164.35,169.23,167.41,167.41,165.15
740,2017-08-28,167.06,171.34,168.3,168.3,171.15
739,2017-08-25,171.11,174.94,171.74,171.74,174.8
738,2017-08-24,174.3,177.0,175.0,175.0,177.0
737,2017-08-23,172.75,176.23,175.8,175.8,172.9
736,2017-08-22,169.64,174.77,174.46,174.46,170.02
735,2017-08-21,166.98,170.6,169.25,169.25,168.29
734,2017-08-18,164.1,169.5,167.5,167.5,165.36
733,2017-08-17,163.51,168.0,163.92,163.92,166.12
732,2017-08-16,158.535,160.35,159.5,159.5,160.0
731,2017-08-15,154.0,158.32,157.75,157.75,155.74
730,2017-08-14,153.1,155.08,154.61,154.61,154.77
729,2017-08-11,147.5,152.57,151.7,151.7,150.51
728,2017-08-10,151.25,156.5,151.77,151.77,156.2
727,2017-08-09,155.2,157.71,157.49,157.49,156.05
726,2017-08-08,156.8,159.84,157.5,157.5,158.56
725,2017-08-07,154.37,158.99,158.84,158.84,154.83
724,2017-08-04,152.16,154.32,153.33,153.33,154.32
723,2017-08-03,149.6,153.8,153.32,153.32,152.1
722,2017-08-02,149.1,155.75,151.91,151.91,155.47
721,2017-08-01,153.8,156.61,154.73,154.73,156.25
720,2017-07-31,153.5,159.39,154.95,154.95,158.9
719,2017-07-28,152.82,158.96,157.56,157.56,153.96
718,2017-07-27,151.33,160.39,154.15,154.15,157.85
717,2017-07-26,152.36,156.0,155.79,155.79,152.53
716,2017-07-25,150.85,152.75,152.44,152.44,152.36
715,2017-07-24,151.6,153.23,152.26,152.26,152.77
714,2017-07-21,150.31,152.15,151.89,151.89,151.79
713,2017-07-20,151.84,154.12,152.11,152.11,153.96
712,2017-07-19,152.64,156.41,153.15,153.15,155.14
711,2017-07-18,150.48,154.6,153.75,153.75,151.08
710,2017-07-17,150.42,153.7,151.23,151.23,153.53
709,2017-07-14,149.69,152.25,151.83,151.83,150.12
708,2017-07-13,148.0,150.0,149.52,149.52,149.52
707,2017-07-12,146.85,149.3,149.0,149.0,147.38
706,2017-07-11,143.26,145.87,145.81,145.81,144.29
705,2017-07-10,142.25,144.16,143.81,143.81,143.0
704,2017-07-07,141.831,143.379,142.43,142.43,142.65
703,2017-07-06,141.83,143.62,142.2,142.2,143.01
702,2017-07-05,140.33,145.0,144.87,144.87,141.16
701,2017-07-03,139.495,142.49,140.99,140.99,141.75
700,2017-06-30,139.92,142.38,140.9,140.9,141.03
699,2017-06-29,137.52,143.56,140.81,140.81,143.16
698,2017-06-28,141.48,144.37,143.95,143.95,142.65
697,2017-06-27,141.1,144.38,141.53,141.53,143.9
696,2017-06-26,141.27,145.36,142.73,142.73,144.03
695,2017-06-23,141.6,143.34,143.01,143.01,142.1
694,2017-06-22,140.88,144.68,142.27,142.27,142.05
693,2017-06-21,138.02,143.5,143.29,143.29,138.82
692,2017-06-20,137.93,140.63,138.38,138.38,140.08
691,2017-06-19,137.4,140.4,139.47,139.47,137.81
690,2017-06-16,133.55,136.5,134.87,134.87,136.28
689,2017-06-15,133.1,135.67,135.08,135.08,135.64
688,2017-06-14,135.26,139.25,136.67,136.67,137.8
687,2017-06-13,135.9,142.244,136.6,136.6,141.88
686,2017-06-12,136.05,139.39,139.08,139.08,139.17
685,2017-06-09,137.01,148.29,139.44,139.44,142.34
684,2017-06-08,135.21,143.7,142.34,142.34,142.51
683,2017-06-07,124.11,125.91,125.64,125.64,125.08
682,2017-06-06,124.27,126.2,124.62,124.62,125.37
681,2017-06-05,123.87,125.56,125.37,125.37,124.02
680,2017-06-02,123.24,124.53,124.13,124.13,123.72
679,2017-06-01,122.26,124.0,123.97,123.97,122.82
678,2017-05-31,122.0,124.175,122.46,122.46,123.64
677,2017-05-30,123.53,124.88,123.91,123.91,124.08
676,2017-05-26,123.1,124.65,123.99,123.99,123.93
675,2017-05-25,122.31,124.45,123.63,123.63,123.74
674,2017-05-24,121.95,123.684,122.81,122.81,123.07
673,2017-05-23,122.85,125.675,122.93,122.93,124.67
672,2017-05-22,123.555,125.59,124.75,124.75,124.98
671,2017-05-19,123.07,126.4,123.22,123.22,123.96
670,2017-05-18,114.0,122.63,121.27,121.27,116.31
669,2017-05-17,120.5,123.89,120.72,120.72,123.25
668,2017-05-16,121.74,124.34,124.02,124.02,121.98
667,2017-05-15,120.031,121.49,121.4,121.4,121.03
666,2017-05-12,119.51,120.468,120.34,120.34,120.16
665,2017-05-11,118.25,120.5,120.16,120.16,120.13
664,2017-05-10,119.1,120.33,119.98,119.98,120.01
663,2017-05-09,118.07,120.0,120.0,120.0,118.62
662,2017-05-08,116.2,117.51,116.86,116.86,116.9
661,2017-05-05,114.8,116.15,116.04,116.04,116.05
660,2017-05-04,115.15,116.41,115.86,115.86,115.94
659,2017-05-03,115.12,118.0,116.57,116.57,117.95
658,2017-05-02,117.0,118.69,118.09,118.09,117.07
657,2017-05-01,115.5,117.24,116.68,116.68,115.63
656,2017-04-28,115.0,115.99,115.5,115.5,115.9
655,2017-04-27,114.83,115.96,115.43,115.43,115.0
654,2017-04-26,114.622,115.75,114.97,114.97,115.37
653,2017-04-25,114.8,115.82,115.48,115.48,115.54
652,2017-04-24,114.02,115.16,114.86,114.86,114.04
651,2017-04-21,112.3,113.17,113.11,113.11,112.8
650,2017-04-20,111.48,113.6,112.96,112.96,111.53
649,2017-04-19,110.57,112.2,110.76,110.76,111.99
648,2017-04-18,110.867,112.2,111.23,111.23,111.2
647,2017-04-17,110.3,111.87,111.76,111.76,110.91
646,2017-04-13,109.82,111.45,110.21,110.21,110.72
645,2017-04-12,110.31,111.7,110.63,110.63,110.5
644,2017-04-11,109.46,111.79,110.44,110.44,111.4
643,2017-04-10,108.84,111.88,111.7,111.7,109.0
642,2017-04-07,106.76,109.07,108.99,108.99,107.88
641,2017-04-06,107.15,108.42,108.04,108.04,107.59
640,2017-04-05,107.32,108.82,107.44,107.44,108.36
639,2017-04-04,106.88,108.26,107.52,107.52,107.87
638,2017-04-03,107.52,109.47,108.09,108.09,108.85
637,2017-03-31,107.78,109.119,107.83,107.83,108.5
636,2017-03-30,108.66,110.45,108.85,108.85,109.729
635,2017-03-29,107.69,109.74,109.51,109.51,107.97
634,2017-03-28,107.46,108.95,107.8,107.8,108.23
633,2017-03-27,106.51,108.19,108.08,108.08,106.65
632,2017-03-24,107.23,109.13,108.04,108.04,108.4
631,2017-03-23,106.44,108.83,108.25,108.25,106.95
630,2017-03-22,103.98,106.12,106.09,106.09,104.64
629,2017-03-21,104.7,108.7,105.09,105.09,108.46
628,2017-03-20,105.94,108.2,107.25,107.25,106.23
627,2017-03-17,104.86,106.5,105.61,105.61,105.17
626,2017-03-16,104.301,105.65,105.63,105.63,105.25
625,2017-03-15,102.6,104.49,103.69,103.69,104.37
624,2017-03-14,103.822,106.0,104.25,104.25,104.61
623,2017-03-13,103.47,106.25,105.18,105.18,103.52
622,2017-03-10,102.63,103.7,103.39,103.39,103.43
621,2017-03-09,102.76,103.75,103.24,103.24,102.97
620,2017-03-08,102.54,104.29,103.22,103.22,102.63
619,2017-03-07,102.11,103.308,102.63,102.63,102.3
618,2017-03-06,102.1,103.25,102.31,102.31,102.76
617,2017-03-03,102.44,103.42,103.31,103.31,102.99
616,2017-03-02,102.77,104.58,103.19,103.19,103.8
615,2017-03-01,103.21,104.99,104.04,104.04,103.68
614,2017-02-28,102.03,103.99,102.9,102.9,103.89
613,2017-02-27,102.22,103.825,103.6,103.6,102.5
612,2017-02-24,101.3,103.0,102.95,102.95,101.39
611,2017-02-23,101.82,104.86,102.46,102.46,104.72
610,2017-02-22,102.42,105.2,104.2,104.2,102.48
609,2017-02-21,100.91,102.54,102.12,102.12,101.03
608,2017-02-17,100.3,101.73,100.52,100.52,100.69
607,2017-02-16,100.5,102.1,100.82,100.82,101.86
606,2017-02-15,100.11,102.13,101.55,101.55,102.06
605,2017-02-14,100.896,103.6,101.59,101.59,103.14
604,2017-02-13,102.62,104.44,103.1,103.1,102.82
603,2017-02-10,102.31,103.94,102.36,102.36,103.88
602,2017-02-09,102.56,104.18,103.34,103.34,103.57
601,2017-02-08,101.16,103.99,103.57,103.57,101.55
600,2017-02-07,100.5,101.6,100.83,100.83,101.04
599,2017-02-06,100.02,101.706,100.9,100.9,100.17
598,2017-02-03,100.3,101.56,100.39,100.39,101.5
597,2017-02-02,100.56,101.47,100.84,100.84,101.28
596,2017-02-01,100.87,102.38,101.57,101.57,102.07
595,2017-01-31,100.06,102.09,101.31,101.31,100.24
594,2017-01-30,100.09,101.46,101.02,101.02,101.2
593,2017-01-27,101.29,102.7,102.07,102.07,102.25
592,2017-01-26,102.17,104.57,102.75,102.75,103.92
591,2017-01-25,101.9,104.27,104.06,104.06,102.46
590,2017-01-24,99.94,103.19,101.43,101.43,103.15
589,2017-01-23,96.26,98.67,98.41,98.41,96.48
588,2017-01-20,95.6707,97.15,96.06,96.06,96.45
587,2017-01-19,95.58,96.7,96.17,96.17,96.42
586,2017-01-18,95.26,96.27,96.0,96.0,96.27
585,2017-01-17,95.0,96.59,96.12,96.12,96.32
584,2017-01-13,95.76,97.38,96.27,96.27,95.95
583,2017-01-12,94.8,96.85,95.9,95.9,96.85
582,2017-01-11,95.6,97.45,96.94,96.94,96.92
581,2017-01-10,95.55,97.904,96.75,96.75,96.4
580,2017-01-09,93.31,95.65,94.72,94.72,94.16
579,2017-01-06,93.0,94.5,93.89,93.89,94.4
578,2017-01-05,91.64,94.81,94.37,94.37,91.91
577,2017-01-04,88.58,90.89,90.51,90.51,88.985
576,2017-01-03,88.08,89.0,88.6,88.6,89.0
575,2016-12-30,87.2,88.1,87.81,87.81,87.57
574,2016-12-29,87.16,88.2,87.33,87.33,87.82
573,2016-12-28,87.22,88.75,87.37,87.37,88.3
572,2016-12-27,86.71,87.94,87.54,87.54,86.72
571,2016-12-23,86.62,87.68,86.79,86.79,86.62
570,2016-12-22,86.01,88.26,86.8,86.8,87.89
569,2016-12-21,89.25,90.43,89.25,89.25,89.96
568,2016-12-20,88.94,90.31,89.84,89.84,89.19
567,2016-12-19,88.41,89.82,88.93,88.93,88.61
566,2016-12-16,88.56,90.1,88.67,88.67,89.0
565,2016-12-15,88.74,90.6,88.85,88.85,90.0
564,2016-12-14,90.83,92.26,91.19,91.19,91.83
563,2016-12-13,91.87,93.73,92.16,92.16,92.8
562,2016-12-12,91.7,92.89,92.47,92.47,92.05
561,2016-12-09,92.28,93.64,93.28,93.28,92.51
560,2016-12-08,91.03,93.08,92.31,92.31,91.8
559,2016-12-07,89.5,91.65,91.07,91.07,90.52
558,2016-12-06,89.96,91.93,90.4,90.4,91.56
557,2016-12-05,89.57,91.4,90.99,90.99,90.05
556,2016-12-02,89.95,91.74,90.48,90.48,90.38
555,2016-12-01,89.18,94.055,89.86,89.86,94.0
554,2016-11-30,93.3,95.48,94.02,94.02,95.28
553,2016-11-29,93.39,96.055,94.99,94.99,93.67
552,2016-11-28,93.0,95.7411,93.76,93.76,93.02
551,2016-11-25,92.77,93.75,93.01,93.01,93.55
550,2016-11-23,91.45,93.4,93.03,93.03,92.53
549,2016-11-22,93.16,94.42,93.21,93.21,94.24
548,2016-11-21,93.0,94.66,93.41,93.41,94.05
547,2016-11-18,92.67,95.3,93.39,93.39,94.85
546,2016-11-17,93.64,94.98,94.07,94.07,94.71
545,2016-11-16,91.33,93.68,92.86,92.86,91.39
544,2016-11-15,90.75,93.49,91.0,91.0,91.0
543,2016-11-14,87.88,92.54,89.77,89.77,92.451
542,2016-11-11,91.1,94.09,92.99,92.99,93.86
541,2016-11-10,92.22,98.5,94.34,94.34,98.34
540,2016-11-09,95.8,98.58,96.67,96.67,97.38
539,2016-11-08,98.36,99.99,99.85,99.85,99.39
538,2016-11-07,99.16,100.62,99.35,99.35,100.07
537,2016-11-04,96.67,98.79,97.57,97.57,96.9
536,2016-11-03,96.46,99.3,97.75,97.75,98.04
535,2016-11-02,97.3,104.1,98.51,98.51,103.85
534,2016-11-01,99.21,101.24,101.15,101.15,100.43
533,2016-10-31,101.42,103.21,101.69,101.69,102.65
532,2016-10-28,101.55,103.05,101.93,101.93,102.35
531,2016-10-27,101.85,104.11,102.38,102.38,103.38
530,2016-10-26,102.7,104.0,102.78,102.78,103.68
529,2016-10-25,104.02,105.2002,104.22,104.22,104.86
528,2016-10-24,103.55,105.3,104.5,104.5,104.98
527,2016-10-21,102.75,103.94,103.94,103.94,103.7
526,2016-10-20,103.57,104.74,103.85,103.85,104.2
525,2016-10-19,103.65,104.8,103.93,103.93,104.33
524,2016-10-18,103.31,104.99,103.34,103.34,104.47
523,2016-10-17,101.27,103.47,102.84,102.84,101.5
522,2016-10-14,101.03,104.7,101.85,101.85,104.27
521,2016-10-13,99.0,102.55,102.15,102.15,102.06
520,2016-10-12,101.82,105.11,103.62,103.62,105.05
519,2016-10-11,104.75,107.97,105.23,105.23,107.89
518,2016-10-10,106.56,109.0,108.41,108.41,106.79
517,2016-10-07,105.56,107.55,106.0,106.0,106.89
516,2016-10-06,106.185,107.51,107.08,107.08,107.3
515,2016-10-05,105.66,107.45,106.96,106.96,105.87
514,2016-10-04,105.05,106.23,105.45,105.45,105.93
513,2016-10-03,104.98,106.29,105.38,105.38,105.45
512,2016-09-30,105.79,107.1,105.79,105.79,106.5
511,2016-09-29,104.57,106.69,105.55,105.55,106.51
510,2016-09-28,107.16,109.87,108.75,108.75,108.44
509,2016-09-27,106.37,108.49,108.26,108.26,106.52
508,2016-09-26,105.3,107.06,105.89,105.89,106.52
507,2016-09-23,106.71,108.4,107.71,107.71,108.25
506,2016-09-22,107.48,109.76,109.36,109.36,107.57
505,2016-09-21,102.21,106.19,106.0,106.0,102.46
504,2016-09-20,100.93,103.73,101.45,101.45,102.94
503,2016-09-19,102.195,105.5,103.03,103.03,105.16
502,2016-09-16,103.86,105.39,104.64,104.64,104.0
501,2016-09-15,102.53,104.48,104.45,104.45,102.62
500,2016-09-14,100.02,102.59,102.4,102.4,100.08
499,2016-09-13,98.84,101.49,100.28,100.28,100.38
498,2016-09-12,97.0,101.38,100.8,100.8,97.38
497,2016-09-09,99.05,102.21,99.62,99.62,101.8
496,2016-09-08,101.63,103.78,102.57,102.57,101.93
495,2016-09-07,102.26,104.0,102.32,102.32,103.84
494,2016-09-06,100.45,104.3,103.78,103.78,100.45
493,2016-09-02,97.97,99.665,99.25,99.25,97.97
492,2016-09-01,97.01,98.0,97.42,97.42,97.3
491,2016-08-31,96.01,97.2,97.19,97.19,96.14
490,2016-08-30,95.17,96.68,96.0,96.0,95.35
489,2016-08-29,94.21,95.16,94.88,94.88,94.6
488,2016-08-26,94.08,95.45,95.06,95.06,94.15
487,2016-08-25,93.12,94.69,93.94,93.94,93.75
486,2016-08-24,93.56,96.3,93.88,93.88,95.68
485,2016-08-23,95.41,96.48,95.79,95.79,95.59
484,2016-08-22,94.75,96.63,95.65,95.65,96.47
483,2016-08-19,96.34,97.24,96.86,96.86,96.91
482,2016-08-18,96.62,97.94,97.0,97.0,97.25
481,2016-08-17,96.05,97.25,97.0,97.0,96.17
480,2016-08-16,95.05,97.15,96.66,96.66,96.15
479,2016-08-15,96.82,98.86,97.17,97.17,98.28
478,2016-08-12,92.91,98.35,98.25,98.25,92.98
477,2016-08-11,91.26,92.8,91.77,91.77,92.14
476,2016-08-10,86.01,87.73,87.33,87.33,86.01
475,2016-08-09,84.8,85.63,85.24,85.24,85.05
474,2016-08-08,84.3,85.02,85.0,85.0,84.99
473,2016-08-05,84.44,85.08,84.59,84.59,85.01
472,2016-08-04,83.69,84.98,84.75,84.75,83.75
471,2016-08-03,83.17,83.84,83.67,83.67,83.3
470,2016-08-02,82.91,84.34,83.8,83.8,84.34
469,2016-08-01,82.59,84.8,84.34,84.34,82.79
468,2016-07-29,81.945,83.42,82.48,82.48,83.37
467,2016-07-28,82.1201,83.49,83.12,83.12,83.46
466,2016-07-27,83.0,83.64,83.1,83.1,83.6
465,2016-07-26,82.63,83.63,83.59,83.59,82.86
464,2016-07-25,82.61,84.79,83.19,83.19,84.47
463,2016-07-22,83.81,84.5,84.49,84.49,84.0
462,2016-07-21,83.66,85.0,84.18,84.18,84.71
461,2016-07-20,83.23,84.7,84.42,84.42,83.27
460,2016-07-19,82.05,83.69,82.77,82.77,82.48
459,2016-07-18,80.6,82.79,82.65,82.65,80.6
458,2016-07-15,80.965,82.49,81.25,81.25,81.78
457,2016-07-14,80.86,82.24,81.74,81.74,81.18
456,2016-07-13,80.37,81.88,80.57,80.57,81.83
455,2016-07-12,81.51,82.88,81.74,81.74,81.79
454,2016-07-11,79.24,81.9,81.46,81.46,79.33
453,2016-07-08,77.8,79.35,78.99,78.99,78.44
452,2016-07-07,78.71,79.4899,79.35,79.35,79.0
451,2016-07-06,77.68,78.82,78.64,78.64,78.47
450,2016-07-05,78.37,79.55,78.97,78.97,79.04
449,2016-07-01,79.12,80.05,79.65,79.65,79.12
448,2016-06-30,78.28,79.76,79.53,79.53,78.31
447,2016-06-29,76.9,78.48,78.04,78.04,76.98
446,2016-06-28,75.5,76.6,76.28,76.28,75.5
445,2016-06-27,73.3,76.29,74.23,74.23,75.8
444,2016-06-24,75.43,77.5,76.29,76.29,76.83
443,2016-06-23,78.55,79.46,79.14,79.14,79.16
442,2016-06-22,78.21,79.12,78.73,78.73,79.04
441,2016-06-21,78.4,79.08,78.62,78.62,78.75
440,2016-06-20,77.84,78.7899,78.15,78.15,77.9
439,2016-06-17,76.48,78.45,77.0,77.0,78.45
438,2016-06-16,76.2,78.4,78.27,78.27,77.84
437,2016-06-15,77.51,78.7686,78.39,78.39,78.31
436,2016-06-14,76.75,78.45,77.77,77.77,76.89
435,2016-06-13,74.85,76.455,75.45,75.45,75.25
434,2016-06-10,75.76,77.05,75.92,75.92,76.43
433,2016-06-09,76.78,78.07,77.56,77.56,77.39
432,2016-06-08,77.375,78.53,77.64,77.64,78.0
431,2016-06-07,77.32,78.37,77.84,77.84,78.19
430,2016-06-06,76.7,78.33,78.06,78.06,77.11
429,2016-06-03,75.71,77.8,76.62,76.62,77.24
428,2016-06-02,76.56,77.75,77.3,77.3,76.65
427,2016-06-01,76.55,80.14,76.69,76.69,79.15
426,2016-05-31,80.2,82.03,82.0,82.0,81.0
425,2016-05-27,78.39,81.0,80.97,80.97,78.49
424,2016-05-26,76.8,78.865,78.35,78.35,76.99
423,2016-05-25,74.12,79.2,75.59,75.59,78.53
422,2016-05-24,79.07,81.31,81.12,81.12,79.17
421,2016-05-23,78.6,79.5,79.0,79.0,78.95
420,2016-05-20,78.3501,79.45,78.79,78.79,79.07
419,2016-05-19,77.6,79.26,78.32,78.32,78.65
418,2016-05-18,78.47,80.0,79.03,79.03,78.71
417,2016-05-17,79.31,80.2,79.35,79.35,79.83
416,2016-05-16,77.59,79.93,79.29,79.29,77.86
415,2016-05-13,76.97,79.16,77.16,77.16,78.825
414,2016-05-12,78.32,80.45,79.16,79.16,80.01
413,2016-05-11,79.41,80.485,79.8,79.8,79.43
412,2016-05-10,79.15,79.98,79.72,79.72,79.79
411,2016-05-09,78.89,79.98,79.41,79.41,78.94
410,2016-05-06,78.25,79.72,79.2,79.2,78.35
409,2016-05-05,78.1,79.94,78.83,78.83,79.52
408,2016-05-04,75.01,75.91,75.82,75.82,75.64
407,2016-05-03,75.425,76.27,75.91,75.91,75.96
406,2016-05-02,75.94,77.0,76.61,76.61,76.89
405,2016-04-29,75.66,77.28,76.94,76.94,76.81
404,2016-04-28,76.09,77.9,76.4,76.4,77.65
403,2016-04-27,76.57,78.62,77.65,77.65,78.3
402,2016-04-26,77.8001,79.56,78.61,78.61,78.85
401,2016-04-25,78.68,79.84,78.84,78.84,79.8
400,2016-04-22,79.155,85.89,79.89,79.89,80.12
399,2016-04-21,80.2,81.78,80.78,80.78,81.08
398,2016-04-20,78.99,81.735,81.21,81.21,79.0
397,2016-04-19,78.47,80.48,79.46,79.46,79.2
396,2016-04-18,77.71,79.12,79.01,79.01,78.52
395,2016-04-15,78.46,79.75,78.97,78.97,79.45
394,2016-04-14,78.36,79.858,79.61,79.61,79.31
393,2016-04-13,78.5,79.72,79.64,79.64,78.74
392,2016-04-12,76.87,78.24,77.86,77.86,78.0
391,2016-04-11,77.43,78.589,77.71,77.71,78.07
390,2016-04-08,76.621,78.76,77.47,77.47,78.27
389,2016-04-07,77.1825,78.6,77.61,77.61,77.6
388,2016-04-06,77.19,79.15,78.68,78.68,77.3
387,2016-04-05,76.91,78.3,77.32,77.32,78.2
386,2016-04-04,78.32,79.55,79.08,79.08,78.33
385,2016-04-01,78.2,79.02,78.73,78.73,78.24
384,2016-03-31,78.41,79.84,79.03,79.03,78.5
383,2016-03-30,78.54,79.55,78.86,78.86,79.01
382,2016-03-29,75.57,78.24,78.08,78.08,75.6
381,2016-03-28,74.9,76.89,76.48,76.48,76.45
380,2016-03-24,73.53,76.15,75.86,75.86,75.15
379,2016-03-23,76.15,78.98,76.56,76.56,78.16
378,2016-03-22,76.908,78.55,78.18,78.18,77.0
377,2016-03-21,76.94,79.6804,78.11,78.11,77.09
376,2016-03-18,74.71,76.3,76.25,76.25,74.97
375,2016-03-17,73.51,74.3701,74.25,74.25,73.76
374,2016-03-16,71.86,73.66,73.5,73.5,72.01
373,2016-03-15,71.75,72.84,72.23,72.23,72.62
372,2016-03-14,72.89,74.4199,73.35,73.35,74.01
371,2016-03-11,72.22,74.01,74.01,74.01,72.58
370,2016-03-10,70.605,73.05,71.97,71.97,72.5
369,2016-03-09,70.68,72.61,72.43,72.43,71.59
368,2016-03-08,70.96,72.65,71.07,71.07,72.4
367,2016-03-07,72.0,73.98,72.89,72.89,72.2
366,2016-03-04,70.72,72.96,72.22,72.22,70.96
365,2016-03-03,70.46,72.59,71.02,71.02,71.31
364,2016-03-02,70.75,72.04,71.25,71.25,72.04
363,2016-03-01,69.86,71.84,70.86,70.86,70.02
362,2016-02-29,67.56,70.58,68.81,68.81,67.64
361,2016-02-26,66.86,68.83,66.91,66.91,68.09
360,2016-02-25,64.66,66.72,66.66,66.66,65.67
359,2016-02-24,65.21,67.69,67.23,67.23,66.17
358,2016-02-23,66.465,68.66,66.97,66.97,68.5
357,2016-02-22,67.98,69.53,68.84,68.84,68.3
356,2016-02-19,66.09,67.75,67.28,67.28,66.8
355,2016-02-18,66.23,68.5,66.52,66.52,67.0
354,2016-02-17,65.68,67.39,66.38,66.38,67.17
353,2016-02-16,64.04,66.89,66.29,66.29,64.42
352,2016-02-12,60.28,62.78,60.89,60.89,61.27
351,2016-02-11,59.85,61.63,60.57,60.57,60.25
350,2016-02-10,60.87,63.09,61.78,61.78,61.9
349,2016-02-09,59.25,62.22,61.39,61.39,60.11
348,2016-02-08,60.45,62.05,61.1,61.1,60.9
347,2016-02-05,62.18,64.86,62.64,62.64,64.71
346,2016-02-04,63.1,65.72,64.86,64.86,64.33
345,2016-02-03,60.87,65.73,63.44,63.44,65.6
344,2016-02-02,64.66,67.7399,65.09,65.09,67.05
343,2016-02-01,65.35,67.7,67.03,67.03,66.5
342,2016-01-29,65.4,68.93,67.03,67.03,67.98
341,2016-01-28,66.67,73.15,66.92,66.92,72.55
340,2016-01-27,68.745,71.42,69.54,69.54,69.96
339,2016-01-26,68.88,70.19,69.77,69.77,69.01
338,2016-01-25,69.02,70.8,69.72,69.72,70.8
337,2016-01-22,69.89,73.34,70.37,70.37,72.51
336,2016-01-21,67.1437,71.65,70.72,70.72,68.78
335,2016-01-20,65.34,69.1124,68.71,68.71,68.025
334,2016-01-19,69.81,72.31,70.13,70.13,71.94
333,2016-01-15,67.541,71.0,69.59,69.59,68.7
332,2016-01-14,68.27,72.72,72.25,72.25,70.29
331,2016-01-13,70.22,73.239,70.29,70.29,72.77
330,2016-01-12,71.0,72.77,72.68,72.68,71.45
329,2016-01-11,69.02,71.73,69.92,69.92,71.29
328,2016-01-08,70.67,74.66,70.8,70.8,74.33
327,2016-01-07,71.54,75.5,72.72,72.72,73.29
326,2016-01-06,76.97,78.485,77.33,77.33,77.12
325,2016-01-05,77.26,78.68,78.63,78.63,77.92
324,2016-01-04,75.18,78.31,76.69,76.69,78.18
323,2015-12-31,81.25,82.17,81.27,81.27,81.48
322,2015-12-30,81.5,83.11,81.68,81.68,82.95
321,2015-12-29,82.41,83.51,83.26,83.26,82.5
320,2015-12-28,81.52,82.75,82.14,82.14,82.56
319,2015-12-24,83.41,84.8,83.71,83.71,84.56
318,2015-12-23,83.72,85.09,84.8,84.8,85.05
317,2015-12-22,82.89,85.1,84.84,84.84,82.89
316,2015-12-21,82.43,83.73,82.87,82.87,83.15
315,2015-12-18,82.03,83.75,82.65,82.65,83.2
314,2015-12-17,82.85,85.32,83.56,83.56,85.0
313,2015-12-16,82.995,85.05,84.63,84.63,83.3
312,2015-12-15,80.9,83.39,82.49,82.49,81.06
311,2015-12-14,78.99,80.76,80.57,80.57,80.15
310,2015-12-11,79.422,83.05,79.74,79.74,82.85
309,2015-12-10,82.85,84.34,84.33,84.33,83.34
308,2015-12-09,82.97,85.2,83.42,83.42,84.37
307,2015-12-08,82.61,84.67,84.38,84.38,82.77
306,2015-12-07,84.2,85.1299,84.76,84.76,84.8
305,2015-12-04,82.42,85.0,84.85,84.85,82.58
304,2015-12-03,82.1,85.1,82.59,82.59,85.05
303,2015-12-02,84.25,85.82,85.0,85.0,84.27
302,2015-12-01,83.5,84.39,84.0,84.0,83.77
301,2015-11-30,81.38,84.47,84.08,84.08,81.5
300,2015-11-27,79.275,81.41,81.38,81.38,80.57
299,2015-11-25,80.82,82.675,81.71,81.71,80.91
298,2015-11-24,79.27,81.11,80.86,80.86,80.85
297,2015-11-23,79.97,82.19,81.31,81.31,80.45
296,2015-11-20,78.4,80.785,79.95,79.95,78.44
295,2015-11-19,77.403,79.15,77.87,77.87,78.06
294,2015-11-18,76.15,78.31,77.69,77.69,78.25
293,2015-11-17,77.47,79.14,78.13,78.13,78.9
292,2015-11-16,75.77,78.75,78.3,78.3,75.83
291,2015-11-13,75.64,78.0,75.85,75.85,77.15
290,2015-11-12,78.45,80.5,78.76,78.76,78.99
289,2015-11-11,78.12,82.49,79.85,79.85,82.28
288,2015-11-10,79.62,82.43,81.43,81.43,81.1
287,2015-11-09,80.22,83.47,81.38,81.38,83.44
286,2015-11-06,80.77,86.35,83.61,83.61,85.53
285,2015-11-05,84.2,86.42,85.38,85.38,85.22
284,2015-11-04,84.03,85.6,85.4,85.4,84.45
283,2015-11-03,83.13,84.59,83.44,83.44,84.0
282,2015-11-02,82.75,84.83,84.35,84.35,83.52
281,2015-10-30,82.6,84.44,83.83,83.83,82.7
280,2015-10-29,80.82,82.53,82.22,82.22,81.97
279,2015-10-28,79.2001,82.545,82.35,82.35,79.48
278,2015-10-27,78.25,82.79,79.44,79.44,82.11
277,2015-10-26,75.13,77.42,76.35,76.35,75.44
276,2015-10-23,72.84,75.76,75.62,75.62,73.98
275,2015-10-22,70.07,71.63,70.99,70.99,70.16
274,2015-10-21,68.89,71.79,69.48,69.48,71.66
273,2015-10-20,71.55,73.0,71.79,71.79,72.99
272,2015-10-19,71.522,73.0,72.65,72.65,71.8
271,2015-10-16,71.21,73.64,71.99,71.99,72.5
270,2015-10-15,69.26,72.44,71.78,71.78,69.34
269,2015-10-14,67.425,69.7,68.54,68.54,69.5
268,2015-10-13,68.38,70.32,69.68,69.68,69.49
267,2015-10-12,69.0,70.47,70.3,70.3,69.64
266,2015-10-09,67.31,69.45,68.71,68.71,68.2
265,2015-10-08,65.96,68.41,67.7,67.7,66.04
264,2015-10-07,64.38,66.66,66.28,66.28,64.84
263,2015-10-06,63.28,64.73,63.92,63.92,63.72
262,2015-10-05,62.2,64.775,63.93,63.93,63.47
261,2015-10-02,58.2,63.24,63.2,63.2,58.36
260,2015-10-01,58.23,59.83,58.87,58.87,59.5
259,2015-09-30,58.35,60.08,58.97,58.97,58.87
258,2015-09-29,57.2,58.65,57.82,57.82,57.3
257,2015-09-28,57.315,60.12,57.39,57.39,58.81
256,2015-09-25,58.92,60.84,59.24,59.24,60.63
255,2015-09-24,58.21,60.34,59.92,59.92,59.42
254,2015-09-23,59.68,62.3,60.0,60.0,61.96
253,2015-09-22,61.58,63.27,61.9,61.9,62.94
252,2015-09-21,62.96,66.4,63.9,63.9,65.38
251,2015-09-18,64.01,65.75,65.75,65.75,65.4
250,2015-09-17,65.6,66.65,66.0,66.0,66.41
249,2015-09-16,65.26,68.08,67.23,67.23,65.61
248,2015-09-15,61.11,65.36,64.85,64.85,61.45
247,2015-09-14,61.48,63.26,62.6,62.6,62.55
246,2015-09-11,62.7,64.79,64.63,64.63,63.37
245,2015-09-10,63.34,64.25,63.83,63.83,63.52
244,2015-09-09,62.53,64.67,64.04,64.04,62.73
243,2015-09-08,60.25,66.81,60.91,60.91,65.78
242,2015-09-04,63.34,65.57,63.91,63.91,65.405
241,2015-09-03,65.41,66.89,66.47,66.47,65.821
240,2015-09-02,64.971,66.0,65.54,65.54,65.56
239,2015-09-01,64.05,66.84,64.83,64.83,64.58
238,2015-08-31,66.02,69.3,66.12,66.12,69.12
237,2015-08-28,69.045,70.5,70.07,70.07,69.67
236,2015-08-27,70.02,71.59,70.84,70.84,70.8
235,2015-08-26,65.75,69.45,68.66,68.66,68.95
234,2015-08-25,67.49,70.33,68.57,68.57,68.84
233,2015-08-24,58.0,67.48,65.8,65.8,58.16
232,2015-08-21,68.18,70.66,68.18,68.18,69.32
231,2015-08-20,70.03,72.78,70.32,70.32,71.98
230,2015-08-19,72.81,73.56,73.12,73.12,73.15
229,2015-08-18,73.73,75.13,73.88,73.88,74.05
228,2015-08-17,74.16,75.24,75.19,75.19,74.85
227,2015-08-14,74.46,75.49,74.76,74.76,74.53
226,2015-08-13,73.66,76.73,75.11,75.11,74.0
225,2015-08-12,71.03,73.85,73.38,73.38,72.32
224,2015-08-11,76.15,80.0,77.34,77.34,79.481
223,2015-08-10,79.5,80.99,80.47,80.47,79.86
222,2015-08-07,78.66,80.2,78.82,78.82,79.65
221,2015-08-06,78.64,80.75,78.96,78.96,79.85
220,2015-08-05,79.48,80.42,79.82,79.82,79.59
219,2015-08-04,77.8,79.354,78.87,78.87,78.07
218,2015-08-03,77.11,78.5,77.99,77.99,78.2
217,2015-07-31,78.2,79.905,78.34,78.34,79.85
216,2015-07-30,79.45,80.64,79.96,79.96,80.11
215,2015-07-29,80.01,81.3689,80.26,80.26,80.98
214,2015-07-28,79.25,80.8,80.56,80.56,80.67
213,2015-07-27,79.68,81.7,81.4,81.4,80.85
212,2015-07-24,82.65,85.38,83.02,83.02,85.17
211,2015-07-23,83.25,84.97,83.88,83.88,84.66
210,2015-07-22,82.0,84.75,84.15,84.15,82.16
209,2015-07-21,82.22,83.25,82.54,82.54,83.11
208,2015-07-20,82.05,83.68,82.67,82.67,83.56
207,2015-07-17,81.58,83.7,83.36,83.36,81.99
206,2015-07-16,80.9,82.0,81.53,81.53,81.39
205,2015-07-15,80.21,81.5,80.73,80.73,80.9
204,2015-07-14,81.1301,82.02,81.5,81.5,81.58
203,2015-07-13,80.7,82.2,81.86,81.86,80.92
202,2015-07-10,79.84,81.2,80.3,80.3,81.13
201,2015-07-09,79.04,81.19,79.04,79.04,80.93
200,2015-07-08,76.22,78.79,77.94,77.94,76.58
199,2015-07-07,76.21,79.79,79.62,79.62,79.45
198,2015-07-06,80.12,81.5,80.23,80.23,80.56
197,2015-07-02,81.78,82.32,82.07,82.07,82.12
196,2015-07-01,81.99,83.0,82.46,82.46,82.6
195,2015-06-30,81.96,83.69,82.27,82.27,82.58
194,2015-06-29,80.8,82.88,81.07,81.07,81.64
193,2015-06-26,82.82,84.65,83.28,83.28,84.63
192,2015-06-25,84.9,85.6,85.24,85.24,85.47
191,2015-06-24,84.85,85.81,85.17,85.17,85.163
190,2015-06-23,84.83,86.34,85.08,85.08,85.98
189,2015-06-22,85.58,86.4,85.68,85.68,86.07
188,2015-06-19,85.17,86.6,85.74,85.74,86.51
187,2015-06-18,86.32,87.59,86.75,86.75,86.97
186,2015-06-17,86.48,87.8,86.8,86.8,86.58
185,2015-06-16,85.6101,86.7,86.09,86.09,86.003
184,2015-06-15,86.05,87.17,86.12,86.12,86.3
183,2015-06-12,86.48,87.79,86.63,86.63,87.42
182,2015-06-11,87.1,89.48,87.21,87.21,89.03
181,2015-06-10,87.2,88.99,88.9,88.9,87.7
180,2015-06-09,86.12,88.18,87.58,87.58,88.04
179,2015-06-08,88.2427,91.6,88.29,88.29,90.65
178,2015-06-05,90.46,91.6,90.71,90.71,90.46
177,2015-06-04,90.27,91.41,90.59,90.59,90.71
176,2015-06-03,89.9,91.04,90.79,90.79,90.73
175,2015-06-02,90.19,91.54,90.51,90.51,90.55
174,2015-06-01,89.49,90.99,90.78,90.78,90.09
173,2015-05-29,89.32,91.5,89.32,89.32,91.35
172,2015-05-28,90.58,91.93,90.95,90.95,91.69
171,2015-05-27,91.6,92.99,92.6,92.6,92.22
170,2015-05-26,91.55,93.92,92.52,92.52,93.65
169,2015-05-22,93.19,95.06,93.27,93.27,94.28
168,2015-05-21,90.92,94.77,93.88,93.88,91.35
167,2015-05-20,87.3,90.8,90.7,90.7,88.14
166,2015-05-19,86.47,88.8,88.21,88.21,86.99
165,2015-05-18,86.61,87.93,87.11,87.11,87.61
164,2015-05-15,88.05,88.96,88.46,88.46,88.51
163,2015-05-14,87.53,88.48,88.4,88.4,87.74
162,2015-05-13,87.0,88.47,87.53,87.53,87.08
161,2015-05-12,86.14,87.5,86.77,86.77,87.05
160,2015-05-11,86.06,87.67,86.72,86.72,86.7
159,2015-05-08,86.89,88.27,87.06,87.06,87.82
158,2015-05-07,84.91,89.29,86.0,86.0,88.83
157,2015-05-06,79.51,80.85,80.0,80.0,79.65
156,2015-05-05,77.77,80.9,79.54,79.54,80.44
155,2015-05-04,80.12,81.56,80.59,80.59,81.17
154,2015-05-01,80.11,82.25,81.17,81.17,81.03
153,2015-04-30,80.4399,82.65,81.29,81.29,82.22
152,2015-04-29,81.64,84.4,82.45,82.45,84.06
151,2015-04-28,83.82,85.57,85.08,85.08,85.54
150,2015-04-27,84.65,86.27,84.9,84.9,85.53
149,2015-04-24,82.8,84.99,84.57,84.57,82.88
148,2015-04-23,81.62,82.75,82.28,82.28,81.88
147,2015-04-22,81.52,82.84,82.05,82.05,82.78
146,2015-04-21,82.14,82.92,82.42,82.42,82.86
145,2015-04-20,81.52,82.69,82.2,82.2,82.25
144,2015-04-17,81.61,83.25,81.9,81.9,83.08
143,2015-04-16,83.89,85.4,84.06,84.06,85.15
142,2015-04-15,84.16,85.36,84.67,84.67,85.08
141,2015-04-14,83.53,85.13,85.0,85.0,84.63
140,2015-04-13,83.82,85.71,84.28,84.28,85.16
139,2015-04-10,84.15,86.69,84.58,84.58,86.68
138,2015-04-09,85.2,87.69,86.14,86.14,87.03
137,2015-04-08,83.0655,85.54,85.39,85.39,83.3
136,2015-04-07,81.88,82.95,82.21,82.21,81.94
135,2015-04-06,81.6139,82.59,81.82,81.82,82.05
134,2015-04-02,81.25,83.0,82.28,82.28,82.88
133,2015-04-01,82.18,83.72,82.36,82.36,83.37
132,2015-03-31,83.2,84.45,83.24,83.24,83.64
131,2015-03-30,83.75,85.15,83.9,83.9,85.03
130,2015-03-27,83.34,85.15,84.58,84.58,84.78
129,2015-03-26,82.96,84.995,84.17,84.17,83.2
128,2015-03-25,82.67,84.48,83.75,83.75,83.94
127,2015-03-24,82.39,84.5,83.63,83.63,84.35
126,2015-03-23,84.21,85.53,84.25,84.25,85.25
125,2015-03-20,85.09,86.8,85.2,85.2,86.33
124,2015-03-19,85.0,87.04,85.74,85.74,85.11
123,2015-03-18,83.3,85.95,84.59,84.59,83.87
122,2015-03-17,83.51,85.1,84.5,84.5,84.01
121,2015-03-16,81.94,85.2,84.0,84.0,82.01
120,2015-03-13,80.77,81.92,81.86,81.86,81.8
119,2015-03-12,81.53,82.9,81.92,81.92,82.1
118,2015-03-11,81.19,83.38,81.99,81.99,83.0
117,2015-03-10,80.65,83.15,82.97,82.97,81.09
116,2015-03-09,81.48,84.35,82.53,82.53,84.35
115,2015-03-06,84.05,86.0,84.4,84.4,85.74
114,2015-03-05,84.01,86.27,86.1,86.1,85.75
113,2015-03-04,80.17,85.8265,85.49,85.49,80.27
112,2015-03-03,80.03,83.25,81.58,81.58,82.95
111,2015-03-02,83.75,85.02,84.0,84.0,85.0
110,2015-02-27,85.0,86.56,85.12,85.12,85.95
109,2015-02-26,85.2,87.16,85.37,85.37,86.92
108,2015-02-25,84.36,86.83,86.19,86.19,84.38
107,2015-02-24,83.88,85.53,84.69,84.69,85.53
106,2015-02-23,85.25,86.68,85.47,85.47,86.51
105,2015-02-20,86.38,87.29,86.64,86.64,87.25
104,2015-02-19,86.71,87.87,86.89,86.89,86.81
103,2015-02-18,86.5,87.43,86.74,86.74,87.1
102,2015-02-17,86.7,88.99,86.85,86.85,88.78
101,2015-02-13,87.65,89.3,89.05,89.05,88.2
100,2015-02-12,85.55,88.3,87.1,87.1,85.6
99,2015-02-11,85.82,87.7,86.0,86.0,87.58
98,2015-02-10,86.52,87.47,87.26,87.26,87.01
97,2015-02-09,85.47,86.75,86.0,86.0,85.83
96,2015-02-06,85.42,87.4,85.68,85.68,87.11
95,2015-02-05,86.1,89.84,87.0,87.0,89.58
94,2015-02-04,89.48,91.88,90.0,90.0,90.99
93,2015-02-03,89.9,91.65,90.61,90.61,91.65
92,2015-02-02,88.61,91.66,90.13,90.13,91.13
91,2015-01-30,88.11,92.0,89.08,89.08,89.6
90,2015-01-29,87.36,90.74,89.81,89.81,90.53
89,2015-01-28,97.79,101.49,98.45,98.45,100.3
88,2015-01-27,100.58,103.57,102.94,102.94,102.89
87,2015-01-26,103.33,105.13,103.99,103.99,104.4
86,2015-01-23,103.02,105.2,103.11,103.11,104.02
85,2015-01-22,103.1,104.92,104.0,104.0,104.6
84,2015-01-21,100.32,103.86,103.29,103.29,100.75
83,2015-01-20,97.59,100.21,100.04,100.04,98.3
82,2015-01-16,95.52,97.8,96.89,96.89,96.09
81,2015-01-15,96.02,100.14,96.31,96.31,99.67
80,2015-01-14,98.06,100.18,99.58,99.58,99.28
79,2015-01-13,100.01,102.85,100.77,100.77,102.59
78,2015-01-12,101.21,103.36,101.62,101.62,103.2
77,2015-01-09,102.89,105.3,103.02,103.02,105.24
76,2015-01-08,102.68,105.3399,105.03,105.03,102.95
75,2015-01-07,102.03,104.74,102.13,102.13,104.59
74,2015-01-06,100.11,103.85,103.32,103.32,101.25
73,2015-01-05,99.9,103.02,101.0,101.0,102.76
72,2015-01-02,102.52,104.72,103.6,103.6,104.24
71,2014-12-31,103.69,106.47,103.94,103.94,106.46
70,2014-12-30,105.13,106.71,105.75,105.75,105.64
69,2014-12-29,105.64,107.66,105.98,105.98,105.95
68,2014-12-26,105.5,106.94,105.95,105.95,105.99
67,2014-12-24,105.6,107.21,105.95,105.95,105.68
66,2014-12-23,103.88,108.47,105.52,105.52,108.3
65,2014-12-22,108.53,110.98,108.77,108.77,110.63
64,2014-12-19,108.04,110.65,110.65,110.65,109.93
63,2014-12-18,108.26,111.2,109.25,109.25,110.58
62,2014-12-17,106.28,109.19,109.02,109.02,107.11
61,2014-12-16,103.7,107.68,105.77,105.77,103.75
60,2014-12-15,103.7,107.77,104.7,104.7,106.39
59,2014-12-12,104.179,107.45,105.11,105.11,104.7
58,2014-12-11,104.29,106.84,104.97,104.97,104.44
57,2014-12-10,103.51,107.38,103.88,103.88,107.09
56,2014-12-09,101.2,107.95,107.48,107.48,102.27
55,2014-12-08,104.2101,107.4,105.07,105.07,105.97
54,2014-12-05,107.76,110.35,107.9,107.9,109.6
53,2014-12-04,108.91,110.5,109.17,109.17,110.1
52,2014-12-03,108.798,111.68,110.64,110.64,110.4
51,2014-12-02,106.61,110.0,109.89,109.89,107.35
50,2014-12-01,103.8961,110.05,105.99,105.99,110.02
49,2014-11-28,111.11,113.23,111.64,111.64,113.14
48,2014-11-26,112.33,113.74,112.67,112.67,113.33
47,2014-11-25,112.33,115.17,113.47,113.47,114.94
46,2014-11-24,111.55,113.93,113.92,113.92,112.0
45,2014-11-21,110.4354,113.5,110.73,110.73,113.21
44,2014-11-20,107.26,112.44,109.82,109.82,107.81
43,2014-11-19,107.22,110.68,108.82,108.82,109.83
42,2014-11-18,110.41,114.38,110.81,110.81,114.33
41,2014-11-17,113.13,115.63,114.25,114.25,115.44
40,2014-11-14,113.35,115.39,115.1,115.1,115.06
39,2014-11-13,114.55,120.0,114.84,114.84,119.3
38,2014-11-12,114.02,119.07,118.2,118.2,115.05
37,2014-11-11,113.69,117.55,114.54,114.54,117.25
36,2014-11-10,115.2,119.45,119.15,119.15,117.27
35,2014-11-07,111.75,114.77,114.56,114.56,112.93
34,2014-11-06,107.21,111.7,111.57,111.57,109.3
33,2014-11-05,106.48,110.14,108.67,108.67,108.48
32,2014-11-04,99.51,106.359,106.07,106.07,100.425
31,2014-11-03,99.05,102.8,101.8,101.8,99.67
30,2014-10-31,98.1356,100.22,98.6,98.6,100.1
29,2014-10-30,97.3,99.44,98.73,98.73,98.48
28,2014-10-29,96.82,100.0,98.31,98.31,99.88
27,2014-10-28,98.61,100.67,99.68,99.68,99.84
26,2014-10-27,96.3,98.85,97.79,97.79,97.0
25,2014-10-24,94.78,98.0,95.76,95.76,95.07
24,2014-10-23,92.82,94.7,94.45,94.45,92.92
23,2014-10-22,91.01,93.5,91.63,91.63,92.25
22,2014-10-21,88.5,92.5,90.9,90.9,89.1
21,2014-10-20,87.86,89.5,88.26,88.26,88.0
20,2014-10-17,87.6701,90.9,87.91,87.91,90.4
19,2014-10-16,84.015,89.175,88.85,88.85,84.98
18,2014-10-15,82.81,86.49,85.6,85.6,84.04
17,2014-10-14,83.22,85.88,84.95,84.95,85.81
16,2014-10-13,84.92,86.89,85.12,85.12,86.85
15,2014-10-10,85.24,88.74,85.88,85.88,88.25
14,2014-10-09,88.0,90.35,88.79,88.79,88.51
13,2014-10-08,87.06,88.5,88.3,88.3,88.0
12,2014-10-07,87.06,89.7,87.67,87.67,87.95
11,2014-10-06,88.06,89.65,88.31,88.31,89.15
10,2014-10-03,87.65,89.94,88.1,88.1,88.1
9,2014-10-02,85.611,88.2,87.06,87.06,86.27
8,2014-10-01,86.04,88.94,86.1,86.1,88.7
7,2014-09-30,88.46,90.88,88.85,88.85,89.0
6,2014-09-29,88.02,89.7,88.75,88.75,89.62
5,2014-09-26,88.66,90.46,90.46,90.46,89.73
4,2014-09-25,88.5,91.5,88.92,88.92,91.09
3,2014-09-24,87.22,90.57,90.57,90.57,88.47
2,2014-09-23,86.62,90.48,87.17,87.17,88.94
1,2014-09-22,89.5,92.95,89.89,89.89,92.7
0,2014-09-19,89.95,99.7,93.89,93.89,92.7
